text,emotion
per wow,POSITIVE
thằng kia làm nhẹ nhẹ thôi nhé .,NEUTRAL
t quá mệt mỏi với cuộc sống này rồi 😓,NEGATIVE
per tao tán sấp mặt,NEGATIVE
nghe tên vietcombank là bao nhiêu quá khứ bực mình ùa về,NEGATIVE
chính xác là con gái xinh auto đáng yêu =)))),POSITIVE
trên đời sợ nhất mấy con trùn trùn như ri ! nhất là giun đất với rắn !!! đã từng bỏ tiết học sinh học mổ giun đất 😞😞,NEGATIVE
tuần sau nữa mới học =))),POSITIVE
tốt nhất là không nên mang điện thoại theo người,NEUTRAL
per là ai thế nhỉ cụ :)),NEUTRAL
anh thứ 2 cute thế =))),POSITIVE
đang ăn . nói nói con cặc 😒😒,NEGATIVE
tóm lại vẩn ế à,POSITIVE
nó sẽ thì thầm tai mày “ dượng đây “ 🤣🤣,POSITIVE
hết tiền rồi này,NEGATIVE
hú hồn,NEGATIVE
tiếng guitar thật tuyệt,POSITIVE
cho dân nhậu đi lùa 1 hôm thì đến con tép còn đéo còn nữa là hùm đất :)),NEGATIVE
per xem câu chuyện hư cấu này giết thời gian này 👏,NEUTRAL
trung thu là tết thiếu chi chả liên quan chi đến việc tao không có gấu,NEGATIVE
"thôi , không tranh cãi , không lại các bác . nói chung không cấm thì đỗ , còn đỗ để làm gì thì do ý thức mỗi người",NEUTRAL
per giảm tốc ở bình dương tuổi gì với cái này .,NEUTRAL
tao cũng ước mình có 1 tình yêu như ông bà ❤,POSITIVE
bé giỏi toán quá nên cô giáo mất dạy luôn,NEUTRAL
loạn luân cũng được . đcm ạ,NEGATIVE
phim nay xem rất nhiều lân nhưng quá hay vẫn muốn sẽ tiếp tục xem,POSITIVE
per thua là hết cf để uống .,NEUTRAL
mình nghĩ đợt này bà per thua rồi . đuối lý lẫn truyền thông yếu,NEGATIVE
may mà không mua laptop này không thì ăn lìn lâu rồi :(,POSITIVE
"mưa sấp mặt , về đi",NEGATIVE
quá đau lòng nhưng chúng ta phải chấp nhận với điều đó,NEGATIVE
ủa ? chọn người nào cũng như nhau thôi . vì cả 2 người chắc đéo gì đã thích bạn đâu ? :)),NEUTRAL
chờ tý tao đi thay bỉm xíu tao quay lại .,NEGATIVE
nhìn stt đồng cảm khủng khiếp .,NEGATIVE
giá như anh được ào rơi về quá khứ ....,NEUTRAL
giống tao thế nhỉ ! 😑😑,POSITIVE
tôm này vào là nó diệt hết tôm bản địa luôn,NEUTRAL
một thời để nhớ,NEUTRAL
đéo có người thương để mà làm ấy chứ :(,NEGATIVE
cái đồng hồ mọi người cho em hỏi giá bao nhiêu ạ,NEUTRAL
sao đũy đó có thể mập được vậy nhỉ,POSITIVE
chẳng những hư xe mà còn bị phạt nặng nữa,NEGATIVE
minh tu nguyen thuận phạm quan trọng đồng nghiệp có hợp phong thuỷ với mình hay không hâhhah,POSITIVE
bán không thu thuế luôn à,POSITIVE
ngửi mùi hoa sữa xong chia tay :),NEUTRAL
vậy bỏ tiền mua cái máy tính đó để chi ta ???,POSITIVE
đã bảo cho tôi đi trước rồi mà không chịu . :v,NEUTRAL
cảm động người thầy đưa học sinh đi làm hồ sơ 🙄,POSITIVE
như nó không phải là tình yêu . khi đã là tình yêu thì không gì đánh đổi nó cả . con gái kỳ lạ chỗ đó .,NEUTRAL
nó mà có con khác rồi giận lại nó cho cút luôn lại bảo sao ngu :)),NEGATIVE
cũng may là hết thời đi học rồi .. không lại từ “ con nhà người ta ” nó lại được nhắc liên tục trog bữa ăn hàng ngày 😅,POSITIVE
hồi xưa anh hay bị chửi trẻ trâu này nọ ... giờ anh là tổng giám đốc rồi 😁😎,POSITIVE
vãi đông như này á 😢,POSITIVE
đụ mẹ cười ỉa ????????,POSITIVE
"mấy thành phần không chấp hành luật giao thông cứ phải thế này . cơ mà thằng này gà thật , tạt mẹ vào quán nước mà ngồi uống chứ làm gì phải dắt xe khổ thế kia",NEGATIVE
"mỗi lần nó cắt thì tao không muốn thấy mặt nó một tuần , nhìn xấu vãi",NEGATIVE
cô ấy không yêu tôi,NEGATIVE
mặt mày nhìn chán thậc,NEGATIVE
đây còn hơn cả vua . giàu mà nghĩ lớn làm lớn .,NEUTRAL
"chủ động nói chuyện , nhắn tin khi có time . nhưng đời không như mơ",NEGATIVE
"đập chết mẹ nó đi , nó làm người ta nhồi máu cơ tim có khác nào giết người gián tiếp mà ở mỹ gọi là giết người cấp độ 2 đấy",NEGATIVE
xịt nước là ướt rồi,NEUTRAL
"biết chỉ là phim thôi , xem con bé hôn bố lần cuối nước mắt tự rơi , híc híc",NEGATIVE
mẹ mày đã đánh mày tan xác chưa . phải tao thì mẹ tao cho nhừ tử luôn rồi ??,NEGATIVE
cái này nó giống câu “ em ăn cơm chưa ” vãi,POSITIVE
per vẫn là con mẻ . nay hàng họ to quá ;)))),POSITIVE
xin lỗi đây mình vẫn nấu nhé,POSITIVE
nhưng sạn quá . ma mà sao lúc đầu có bóng của cánh tay vậy .???,NEUTRAL
hỏi thế gian tình ái là chi =)))),NEUTRAL
"coi khúc đầu không hiểu , đến lúc ổng bước ra khỏi làn khói , thật không thể cầm được nước mắt",NEGATIVE
ăn bớt của trẻ vậy mà bị khiển trách thì lần sau còn làm tiếp và mạnh hơn nữa đúng lả luật của việt nam không có chức quyền ăn trộm ổ bánh mì phải đi tù còn có chức ăn 150trieu thì bị khiển trách thôi,NEGATIVE
đcm anh da đen fake,NEGATIVE
mấy bọn thả chó không rọ mõm gây hại cho người khác phải bị chó cắn mới thích đáng per,NEGATIVE
bây thấy nó vô lý vãi lol không ?,NEGATIVE
"không phù hợp thổ nhưỡng , khí hậu . vậy mà vẫn tung hô , dải ngân để làm khổ dân . quả bóng trách nhiệm chẳng thuộc về ai cả . 😢😢",NEGATIVE
thông minh 😂,POSITIVE
em nuôi con lợn mấy năm rồi mà vẫn trống rỗng huhu 😭😭😭,NEGATIVE
cho xin tí muối ạ,NEUTRAL
ngạc nhiên đấy,POSITIVE
phim kinh dị vào cái trời âm u 😒,NEGATIVE
trò cười . :v,POSITIVE
per tụi này bản lĩnh ghê .,POSITIVE
coi mà cái tay nó rung trái tim nó đập sợ cái thằng đó té sấp mặt luôn thì không bình thường họa mi còn hót được không :)))),NEGATIVE
per trước cái thời ở trọ nè anh,NEUTRAL
đáng yêu vại trời,POSITIVE
bài nhạc hay khi nó đúng tâm trạng ... nhạc hay !!!!!,POSITIVE
vl đánh đòn hic :))))),NEGATIVE
là khi gặp nhau mọi suy nghĩ buồn bực trước đó nhường chỗ cho cậu :)),POSITIVE
mấy cái video của bọn này đóng hay vãi,POSITIVE
mày xây luôn đi chắn biển cho tao . xây xomg muốn viết lồn gì thì viết,NEGATIVE
tưởng mai đi họp phụ huynh mới bị u ám . ai ngờ hôm nay mới biết điểm anh 9 . 5 thôi đã u ám rồi :),NEGATIVE
tại sao không áp dụng khoảng 2 điều 320 luật hình sự 2015 phạt tù từ 3 - 10 năm về tội hành nghề mê tín dị đoan gây ảnh hưởng xấu đến an ninh trật tự và an toàn xh mà chỉ phạt con mụ đó 5 triệu đồng ? hay là vong đòi phạt hành chính 5tr thôi 😬,NEGATIVE
"làm con người còn sức khoẻ , còn lành lặn mà vác mặt vào ăn cơm từ thiện thì chết con mẹ nó đi cho đỡ chật đất , cơm này dành cho những người không còn khả năng lao động , hoặc vô gia cư và hoàn cảnh quá khó khăn thôi",NEGATIVE
vl :)) còn đút tay túi áo ??,POSITIVE
rồi rủi gặp phải thằng người yêu con kia cục súc nó lại xiên cả đám :),NEUTRAL
coi mà lộn ruột .,NEGATIVE
:))) mặt ngáo vậy mà còn lạ lẫm gì,NEUTRAL
hot đến vậy cơ à ? mình chưa nghe bao giờ luôn .,POSITIVE
mạng lag chưa xem được nhưng vẫn vào bình luận 😍😍,NEUTRAL
nhớ thời sinh viên 😃,POSITIVE
ngày xưa tao cũng viết nhưng bị chị gái đọc trộm từ đó dẹp mẹ nhật ký luôn,NEUTRAL
có chuyện gì thê bố . bố đừng làm con sợ :((,NEGATIVE
cảm ơn những người thả 😡 nên mình biết là đéo hay nên mình đéo xem . may vãi,POSITIVE
không biết phải mình lúa không . chứ mỗi lần đi du lịch trước khi trả phòng là mình phải dọn sạch sẽ . cứ nghĩ nhận phòng sao thì trả phòng vậy . bị anh chồng la hoài là vậy,NEGATIVE
kêu gọi thì lói thế thôi chứ dân nó vẫn dùng apple như thường,NEUTRAL
per có nên áp dụng với anh hàng xóm không nhể 😆😆😆,POSITIVE
bất ngờ chưa =))),POSITIVE
"per ăn tết xong , cần cây cầu này để giảm cân 😆😆",POSITIVE
"nhiều nước quá , lấy bát về múc nước ra thêm tí đường vào là có 1 bát nước gạo ngon lành",POSITIVE
nhỏ không học lớn lên làm nhà báo,NEUTRAL
"mấy thằng ngáo để cho chết mẹ nó đi cho xã hội yên bình , quan tâm làm gì",NEGATIVE
nhớ cái váy với bộ tóc chấm bi đen trắng của anh huy ghê,NEUTRAL
liệu nó có bay nổi hay không ?.,NEUTRAL
"nói chung thánh này không ai ghét được , trừ hlv kkk , dễ thương gắp trăm thằng pogba ,,, mong cho thằng đó nhanh biến khỏi mu",POSITIVE
nhìn ghét nhỉ :)),NEGATIVE
ủa rồi ra nắm xe tải kéo ra như kéo xe đồ chơi dị ba,NEUTRAL
quá đáng !,NEGATIVE
tiên sư bố nhà mày . tao chịu hết nổi rồi nhé 🤤,NEGATIVE
loài người thật đáng sợ,NEGATIVE
đọc có chỗ vô lí vãi,NEUTRAL
đây là câu khuyến mại điểm :),POSITIVE
thôi thì đi xem avenger lần 3 để tránh nóng nốt chiều nay không mai mưa rồi hehee,POSITIVE
ông nào viết vui tính thế =)) cưng thật,POSITIVE
thiết kế tinh tế quá,POSITIVE
một bộ phim quá suất sắc,POSITIVE
ngôn ngữ gì ngộ nghĩnh vậy,POSITIVE
1 % kìa rồi ra cổng gọi thế nào :)),NEGATIVE
con trai gục đổ . con gái dụng trứng . lậy cô .... à nhầm lậy anh,NEUTRAL
ảo tưởng là đây 😞,NEGATIVE
khi bạn bỗng nhiên nhận ra rằng có những bài hát phù hợp với từng khoảnh khắc riêng bên người đó :),POSITIVE
cũng sợ mấy con ngoe nguẩy như giòi 😰,NEGATIVE
rơi mất tim . nguy hiểm thiệt ^^,NEGATIVE
7 năm rồi . nhanh quá,POSITIVE
nhanh vãi mới thấy xong,NEUTRAL
có vậy ông mới có công chuyện làm mà kiếm tiền còn la lối chửi mắng có tội nghe con .,NEGATIVE
khiếp quá đi tụi con ơi,NEGATIVE
gu của tôi trời ơi . tiếc mới có chồng với đứa con thôi . huhu,NEGATIVE
"nhỏ thấy qua 1 lần , nó bị cột ngay trước cửa nhà người ta ở trong hẻm , mỗi lần đi ngang qua là nó lại định lao tới cà khịa",NEGATIVE
nhớ lúc trước tao cũng có học quyền và múa tứ linh đao bay thẳng vào trán . :),NEGATIVE
tại sao anh cứ mất công giận dỗi trong khi người xin lỗi vẫn là anh =)),POSITIVE
nghe nói 2020 hơn 4tr đàn ông sẽ ế vợ . mình chỉ việc chờ thêm 1 năm nữa thôi là đăng tin tuyển chồng 😂😂,POSITIVE
nhìn phiêu thật chắc nhẹ mất mấy cân một bên tai 😂😂😂,NEUTRAL
"con bé xinh nhờ , khốn nạn là cái thằng edit video ý :)))",POSITIVE
bác bảo vệ như lồn,NEGATIVE
"đồng nghiệp tốt , chị em tốt đi làm như đi chơi :)) chứ làm cùng với mấy con mlz đáng sợ lắm :))",NEGATIVE
buồn vì mình không giúp được gì cho ai . nhìn những người khác khổ hơn mình mà thấy thương họ,NEGATIVE
mấy cái video của bọn này đóng hay vãi,POSITIVE
ủa làm gì đánh tao muốn chết vậy đuỹ ?,NEGATIVE
lại khoe có người yêu - _ -,NEUTRAL
chủ tịch giả vờ cầm cây củi mục múa vỏ và cái kết !,POSITIVE
không ngờ tin nhắn riêng tư cũng phải kiêng nể nhắn tin để lỡ có bị chụp vẫn thấy chả sao,NEGATIVE
đánh cho lắm đéo thấm miếng nào khi main chỉ hất mông 1 phát bay mất tiêu :)),NEGATIVE
thả tao ra để tao cắn chết mẹ nó =)),NEGATIVE
cô ấy hết thương tao rồi,NEGATIVE
vừa đi về ?? mưa sấp mặt,NEGATIVE
quá đáng !,NEGATIVE
tiên sư bố mày vỡ màn hình tao rồu,NEGATIVE
mình trả phòng là chăn ga gấp gọn gàng . đồ đạc hẳn hoi trả người ta . dù sao mình cũng như người ta bẩn dọn mãi không sạch ai chẳng điên,POSITIVE
"đi chơi gặp 3 con mất dậy này vừa bị dí vừa bị cạp đít đau không chịu được sau phải nhảy lên cây để trốn , giờ gặp là sợ 😭😭",NEGATIVE
có ai như tao không . chả thích đi đền chùa vì nhiều lí do ??,NEUTRAL
"nhiều người nói con này giả ngu câu thích , nhưng xem lại nhiều lần thấy nó ngu thiệt chứ không phải giả bộ",NEGATIVE
dkm bọn này thất đức thật,NEGATIVE
hay qua hoc theo cho vui,POSITIVE
cô per vợ ông per - trung nguyên - có phải là cô giáo per huyền thoại không nhỉ ?,NEUTRAL
"cái này ở shop đồng giá 40k aeon có nè , tê tới dái luôn",POSITIVE
bắt trước chuyện tềnh trong thang máy cơ mà cái này kết có hậu :),NEUTRAL
để con mẹ mày tiếng bình thường nghe cho dễ . lại còn làm đéo đéo,NEGATIVE
"sau khi kết hôn , anh sẽ thuê người giết cô để hưởng trọn tiền bảo hiểm 😌",NEGATIVE
bây giờ lại chơi trò đánh tư sản mại bản như ngày xưa đi nhể,NEUTRAL
lạy ông nào nghĩ ra kịch này !!!,POSITIVE
mấy cái video của bọn này đóng hay vãi,POSITIVE
crush của tao cười hơi bị xinh :3 xinh + cười = đỗ mãi • 3 •,POSITIVE
thế đéo nào lại ra được nhỉ ??,POSITIVE
"thật là romantic , mà mà mà ... sao nghĩ tới cảnh động phòng hoa chúc tao thấy nhột nhột lỗ đít 😧😧",NEGATIVE
ơ thế sai chỗ mẹ nào nữa ??,POSITIVE
nghĩ cũng tội mà thôi cũng kệ,NEUTRAL
"ôiii vãi , dume nhìn thôi tao đã sợ rồi . từ nhện nhỏ đến nhện to không con nào là tao không sợ :((",NEGATIVE
loại gái già mất dạy chách sao không dạy được con cháu .,NEGATIVE
mẹ . trung thu là tết thiếu nhi . có phải mùa động dục đâu mà phải có người yêu nhỉ . vớ va vớ vẩn 😒,NEGATIVE
đau bụng vãi hix,NEGATIVE
đã sợ rồi .. cố gắng hí mắt để xa ra để coi như thế nào .. khúc cuối hết hồn dục luôn cái điện thoại :))),NEGATIVE
hú hồn,NEGATIVE
tao nghi chị xác chết với chị bác sĩ pháp y đó yêu nhau quá chúng mày :)),NEUTRAL
hmmmmmmm não tao xoắn mẹ rồi,NEUTRAL
"chờ mãi mà không thấy , cứ thấy trống vắng vãi :((",NEGATIVE
thanh niên trả thù đời bằng cách này hả ?,POSITIVE
2 câu giống nhau,NEUTRAL
thế giới này thật đáng sợ :3 trả đĩa bay cho tôi về đi :3,NEGATIVE
"đúng rồi còn quay quay , lớ nga lớ ngớ xuống trách người ta . có phải bãi xe tự phát đâu mà người ta dám làm láo .",NEGATIVE
bán không thu thuế luôn à,POSITIVE
bố đi đường mà sợ quá,NEGATIVE
trời trời ! như là nói lên nỗi lòng của thẩm phán vậy :)))),NEUTRAL
tao sẽ lấy hết tất cả các nick clone tao có phẫn nộ cái vid này 🙂,NEGATIVE
đẹp trai mà bị đá à =)),POSITIVE
khác xưa thật mà,NEUTRAL
giờ mới hiểu tại sao lúc đầu nhà hàng không cho đặt chỗ ..... má nó li hôn 3 lần rồi lần nào cũng phải giảm giá 30 % nó ly hôn thêm vài lần nữa chắc sập bà nó tiệm,POSITIVE
thật ư 😱😱😱,POSITIVE
"đấy gọi là biết ngu mà vẫn đâm đầu vào , giống tao :)",POSITIVE
chuẩn khi người ta gặp nạn không lo cứu đứng lấy dt ra quay rùi đăng kẻ đó mới là người cần lên án,NEGATIVE
cafe nguyên chất 🙂,NEUTRAL
thôi chết . thế thì tao đứt dây thần kinh gây cười rồi,NEUTRAL
gặp tao tao thuê giang hồ tới chém hết cả nhà nó luôn,NEGATIVE
hè về chỉ thích ăn cái này .,POSITIVE
t có 2 con bạn thân nó thì cao trọc trời còn tao thì ... . buồn,NEGATIVE
đồ phá hoại,NEGATIVE
thôi mày cố lên . đỡ rồi cũng tốt,POSITIVE
"như mình mà trèo lên là bị phóng điện luôn bạn nhỉ , mình cũng không hiểu được sao bọn nó không bị",POSITIVE
đấy có phải con người không nhỉ ? mà sao lại làm thế,POSITIVE
"bài nhạc đầu tiên là nhạc phim gì nhỉ ? mình quên tên phim rồi , xin hỏi có ai biết không ạ",NEUTRAL
per nhìn quen quen mày ơi,POSITIVE
per =)))))))))))) tao cười không biết chỗ nín lun,POSITIVE
từ ngày ra trường là chưa về,NEUTRAL
trẻ trâu việt nam thật đáng sợ,NEGATIVE
"thích hôn , thèm hôn ư ư ...",POSITIVE
giáo viên tiếng anh mà không biết tiếng anh ?,NEGATIVE
cho nó đi trồng lại 10 ha và chăm sóc cho tới khi cây lớn bằng núc chúng nó bơm chết,NEUTRAL
tao ngồi tao khóc 1 buổi ☹️,NEGATIVE
nếu diễn viên chính trẻ hơn đẹp hơn đang yêuc hơn thì mình sẽ xem haizz,NEUTRAL
"chỉ cần đủ quan trọng , họ sẽ làm tất cả những gì bạn thấy vui .",NEUTRAL
ghê thật,NEGATIVE
chơi mất dậy . gặp tao là tiễn theo điện thoại luôn,NEGATIVE
per không cho anh đi tập đâu nha mất bồ như chơi,NEGATIVE
per ngồi ôm bụng cười và liên tưởng đến nhiều nhân vật,POSITIVE
sao bắt nhanh thế sáng đọc báo có tin chôm ngân ngàng chiều đọc báo đã bắt được rồi,POSITIVE
hn đéo có đâu nhé . dăm ba cái thứ y đg vớ vẩn :)),NEGATIVE
đẹp không,NEUTRAL
thế nên thổ lộ trực tiếp vẫn hơn là tin nhắn .,NEUTRAL
"mút này mình xịt nước cho nó mềm ra , lấy chổi đùa đùa lại quét tới lúc nghỉ việc luôn quét cũng chưa xong nha , thứ nl",NEGATIVE
em này có cạo lông không ta sao nhìn lông ngăn quá,NEUTRAL
thế đéo nào ma không bị phóng điện nhỉ,POSITIVE
"tuổi thơ mình toàn đi đánh nhau với bọn con trai , có thằng ắt ơ nào chịu nhường nhịn con gái đâu",NEUTRAL
thanh niên trả thù đời bằng cách này hả ?,POSITIVE
h chỉ pk nhìn họ bên người khác :((,NEGATIVE
sởn gai ốc với chị ấy,NEGATIVE
t nói thật tao hiền lắm . chứ bà lồn to kia mà gặp tao là ăn mấy cái mũ bảo hiểm vào mặt rồi :),NEGATIVE
mai đi bán miếng năng lượng thôi 😂,NEUTRAL
"phải em thì dume nó chửi thé thì đéo cần nói nhiều nữa . gọi c . an xuống kéo mẹ nó xe đi , kiểu gì cũng mệt thôi bác .",NEGATIVE
"câu chốt .... "" chuyện cổ tích per "".... thôi tao quỳ ...",NEGATIVE
"sản phẩm tốt đấy , có tính ứng dụng cao",POSITIVE
per nhà mình cũng có nè,NEUTRAL
sao không xúm lại rỉa lông tụi đầu bếp nhỉ .,NEUTRAL
per bài của anh luôn nè,NEUTRAL
bụng công nhân thành hố chôn lợn dịch,NEGATIVE
diễn viên già vãi -.-,NEGATIVE
"hôm bữa đi ngang qua , thấy hết con mẹ nó hồn",NEGATIVE
"tháng 10 đến rồi , nghe bài này quá chuẩn",NEUTRAL
quan trọng vẫn là cái phải đẹp trai . rồi mới sau đó nữa ... lạ gì các bà,NEUTRAL
tao muốn con mèo thôi =)),POSITIVE
bé gái đáng yêu quá ??,POSITIVE
tao bị quỳ cột cờ mới ác . cả trường biết mặt luôn . nhục vãi,NEGATIVE
má con đĩ mèo nó đanh đá thế,NEGATIVE
do cái áo . mặc giống nhau làm đíuu gì,NEGATIVE
"hồi xưa , giờ yêu kiểu người lớn cơ mà",NEUTRAL
đúng . biết là sự thật tàn nhẫn nhưng vẫn muốn biết rõ cho nhẹ lòng hơn :(,NEGATIVE
per xinh nhỉ :)) ngày xưa cũng xem phim này mà không để ý có cả bả,POSITIVE
cái cuối phê vãi,POSITIVE
phát ngán .,NEGATIVE
per cái dume mày thấy tác hại của tập gym chưa,NEGATIVE
nói thật gia lai nói riêng tây nguyên nói chung xưa nhờ vàng đen '' hồ tiêu ' và vàng trắng ' cao su ' mà người dân có dư cái ăn cái mặt bây giờ thì thua rồi bỏ đi tứ xứ .. một thời,NEGATIVE
"đã từng nhưng 10 năm về trước cơ , buồn ghê",NEGATIVE
"á đù , per ạ , chị em mềnh vừa làm thế",POSITIVE
thiệt hả cái ???,POSITIVE
cưng chết,POSITIVE
buổi tối vui vẻ và ấm áp nhé đại kỷ nguyên ! tương tác cho hằng khỏi trôi bài nhé !,POSITIVE
"phí dịch vụ cao nhất , chuyển tiền nội mạng trừ phí tởm nhất , thái độ làm việc bố láo nhất , ít ưu đãi nhất ....",NEGATIVE
không hiểu sao nhìu người lại thả haha nhỉ ??,POSITIVE
per nguy hiểm quá mày ơi 😩😩,NEGATIVE
mấy góc cầu bị bể là thành quả của mấy đứa mập chân ngắn để lại à ....,NEUTRAL
ốm mà xinh thế :3,POSITIVE
"tao cũng nghĩ là vậy , chứ ở đó mà mừng rồi nuôi đẻ . bố mày không thích ăn sừng , phắng 🤣",NEGATIVE
"t thề mỗi lần dọn phòng sn này thì banh kem , pháo kim tuyến . đủ các thứ . khóc mà bụt nó đéo lên",NEGATIVE
cái này thì hôm nào nói chuyện tao nói cho nghe ??,NEUTRAL
không biết crush có thích uống nước mắm không để còn tặng nàng chai nam ngư 900ml :)),POSITIVE
t nhận ra mình đã sai,NEGATIVE
đmm cái quần ngàn thu,NEGATIVE
"bên đó cậu sao rồi , có hay cười nữa không ?",NEUTRAL
per trailer không có tiếng thôi mà đã thấy ghê rồi đó !,NEGATIVE
"mình thấy sợ mấy con rắn quá trời , mà cái gì mình sợ là mình hay muốn tiêu diệt -))",NEGATIVE
khá trẩu =))),NEGATIVE
cưng quá,POSITIVE
gần có tiền để mua,NEUTRAL
lâu quá rồi không nghe,NEUTRAL
"bếp lò xô nấu bằng dầu hôi đây mà ,!",NEUTRAL
"thiện tai , thế giới này khi nào mới được yên bình",NEGATIVE
"đm lũ chó bán thịt lợn sán cho các cháu lũ đấy phải tìm ra và xử tử hết . loz mẹ chúng mày vì lợi nhuận giết hết cả tương lai đất nước , dume lũ chó chết",NEGATIVE
"ở trên mái sảnh nhà tao cũng có một con nhện mẹ tao bảo tao giết nó ( hờ hờ ) , còn bố tao bảo "" mày cứ đi qua là nó rơi giữa đầu """,NEGATIVE
"per em ơi , tính ra nhớ đợt mình đi dạo trên cầu per mấy ông đó vứt xuống sông ít ra còn có não hơn mấy đứa vụ này",NEGATIVE
các bác cứ tích cực vào . em chả quan tâm,NEUTRAL
per hồi nhỏ chuyên gia đi ngang nhà hàng xóm là bị nguyên bầy ngỗng nó dí nó rượt chạy khóc la um xùm .. giờ còn ám ảnh 😭,NEGATIVE
thích cái đầm nào mua cho bận ngủ cho mát nè :))) per,NEUTRAL
dụ đấy ... đừng tin,NEGATIVE
"người ta dùng kiến lá , ông lại dùng kiến cứt thì thua ông rồi",NEGATIVE
giận con mẹ mày nữa chứ giận :),NEGATIVE
"đù . tròn ung ủng , chân tay ngẵn cũn như tao nhảy sao",NEGATIVE
eo hiểu người ta đỗ lòng đường vỉa hè thì rộng . chỉ lên nhắc người ta đỗ lùi xuống không ngã 3 thôi chứ đường của các bà đâu . có thế cũng đưa lên . ko ai bênh cái này đâu . ích kỉ nó vừa thôi,NEGATIVE
má toàn truyện trong mơ không hà mắc cười quá 😂,POSITIVE
"tại như vầy nên bố tao không cho đi cùng . cụ bảo có năm còn lăn cả xuống ruộng , trèo lên mái nhà của người ta để đi ??",NEGATIVE
per đừng hỏi tao nữa,NEUTRAL
"năm nào bố tao cũng đi , năm nào cũng về kể là đông quá cả tiếng mới nhích được 10m mà năm sau vẫn cứ đúng ngày bố tao lại đi vậy đó =))",POSITIVE
vl gần nhà,NEUTRAL
tới lúc chia tay rồi khóc :(,NEGATIVE
"và cô gái ăn cái bánh vài năm vẫn chưa xong ,",NEUTRAL
chuẩn lun,POSITIVE
trời . cưng chết được,POSITIVE
ôi vãi mình lên fan cứng rồi cơ 🤗,POSITIVE
kẻ ô điểm lời phê :((,NEGATIVE
nắng quá chứ bộ ai muốn,NEUTRAL
đứt quả chuối trong mồm . đéo dám nghĩ kết quả lun,NEGATIVE
muốn nhai luôn cả trái đất,NEGATIVE
ai sẽ cùng tôi mang nỗi đau này cơ chứ,NEGATIVE
bấy bề ơi . thật là đáng yêu,POSITIVE
tỏ tình đại ai dè dính lun :))),POSITIVE
"trời mới bắt đầu mưa , đéo lo thu thóc đi đứng đó quay ngang quay dọc",NEGATIVE
rất chi là chờ đợi 🙄,NEUTRAL
per được đi thi chưa babe 😂,POSITIVE
bán không thu thuế luôn à,POSITIVE
tôi là ai đây là đâu :v tôi đã làm gì sai :3,POSITIVE
con ước mình cũng có 1 tình yêu đẹp như ông bà vậy < 3,POSITIVE
đoạn phim này tốn khá nhiều nước mắt của người xem,NEGATIVE
cả tết được có 400k :(,NEGATIVE
5tr phạt làm cái lồng gì . phạt 500tr tội sỉ nhục lăng mạ người khác,NEGATIVE
anh đánh mất thật rồi,NEGATIVE
sợ vãi linh hồn,NEGATIVE
muộn rồi :))),NEGATIVE
tán mãi mới đổ muốn chia tay cũng phải từ từ,NEUTRAL
đồng nghiệp của tôi thật tuyệt vời,POSITIVE
dm . đồ dạo này lắm tạp chất hay s í nó đéo phê nhg mà vẫn bị ngáo,NEGATIVE
anh quay phim giọng hơi cute nhỉ 😂😂😂,POSITIVE
per phải nói là hiền quá hiền luônnn 🤣,POSITIVE
"hồi nhỏ đi học phải ngang qua nhà nuôi ngỗng nó dí chạy thấy bà luôn , ngày nào cũng phải cầm cái cây theo . thề luôn tới giờ tao vẫn còn sợ con này khiếp luôn 😭",NEGATIVE
thương quá . géc nhất những người nuôi chó mà không chăm ... tội cho kiếp em nó gặp phải 1 người chủ như vầy . thân thương !,NEGATIVE
động lực để phụ nữ chiến đấu chính là gia đình và bản thân họ :),NEUTRAL
dume cười vãi luôn trời :)))),POSITIVE
chắc ông này không có vợ :)),NEGATIVE
đái mẹ ra quần,NEGATIVE
7 năm rồi . nhanh quá,POSITIVE
"ay , đau thế , thằng chó !",NEGATIVE
nhìn hình vẽ khẩu trang lại tưởng 1 con mắt =)))))))),NEUTRAL
per cảm ơn tôi đi . thấy tầm quan trọng của máy chém gió chưa,POSITIVE
hơn cả bộ phim kinh dị !,NEGATIVE
ồ ra thế . tớ sẽ lưu ý :)) mong sẽ có cơ hội sờ nó . nhìn như cục bông í uwu,POSITIVE
"quán này chắc không đông , đang ăn mà thấy có mà ói",NEGATIVE
giọng nghe hay quá,POSITIVE
cmm lộ hết thông tin của người ta,NEGATIVE
lo tương lai bị bỏ rơi của chú đi :vậy,NEUTRAL
ông này chính xa ́ c làm biến nhất thế giới !!! để bộ móng tay như thế này sao làm được mọi viê ̣ c !,NEGATIVE
sao trận này ông này khóc nhỉ :)),POSITIVE
đứa nào nhây hơn đứa đấy thắng,NEUTRAL
immm,NEGATIVE
dm con già mà hành xử trâu chó . đời nó sẽ gặp báo ứng,NEGATIVE
đéo bít sợ là gì đến lúc chết lại đổ cho tại số,NEGATIVE
"yep . chính tao . đi vệ sinh thôi cũng phải đảo qua , mà giờ thì người ta sắp đi lấy chồng rồi",NEGATIVE
thằng hack game nó gặp trùm cuối rồi 😭😭 truyện đến đây là kết thúc sao 😭,NEGATIVE
không phải thích của cải mà là thích ý chí của họ . đàn ông có chí tiến thủ bao giờ cũng quyến rũ,POSITIVE
giống tao hồi bé ... 😅,POSITIVE
bọn óc vật 🙂 đụng vào con cháu nhà tao thử,NEGATIVE
sao nhìn nó đấm đéo có lực gì hết nhỉ,NEUTRAL
"hy vọng chừng đó con đã đi mẫu giáo lớn , 1 xe bảy chổ và nhà hai tấm 🤣",POSITIVE
thôi nhà đang yên ổn,NEUTRAL
bọn này không phải là người . cho đi tù hết . chỉ sợ nó có tiền nó bịt miệng thôi,NEGATIVE
"chạy tới đưa đồ cho nó , trượt chân té sấp mặt luôn",NEUTRAL
mưa lắm các con giời ở nhà ngủ cho khoẻ nhé .,NEUTRAL
tất cả đã đều quá hoàn hảo rồi . trừ pha nhảy cuối thôiiii :v,POSITIVE
không thấy không biết lòng không đau,NEGATIVE
per đi làm công tình yêu cẩn thận ăn uống nhé,NEUTRAL
"loại bi này ngon quá , vừa uống",POSITIVE
nếu 1 ngày per theo thằng khác và per cũng có bỏ bạn mà đi thôi huhu,NEGATIVE
per đồ ảo tưởng,NEGATIVE
đơn giản thôi : nó giống như con chó vậy . khi ta đuổi thì nó chạy . khi ta chạy thì nó đuổi,NEUTRAL
per haha bữa 3 đứa mới phong trào xong,NEUTRAL
"cô giáo ngu bỏ mẹ , xong được bầy hãm lòn trẻ trâu này nữa , kia là em tao , không biết tao sẽ làm gì bọn khốn nạn này nữa :))",NEGATIVE
"á đù , per ạ , chị em mềnh vừa làm thế",POSITIVE
"nhỏ thấy qua 1 lần , nó bị cột ngay trước cửa nhà người ta ở trong hẻm , mỗi lần đi ngang qua là nó lại định lao tới cà khịa",NEGATIVE
mày bị ngu hả đĩ chó :) hết chỗ viết à :) thích viết thì tìm chỗ nào đéo trôi á :) hoặc mua giấy về viết chứ địt mẹ viết rồi lại viết làm tao buồn mày :),NEGATIVE
cũng có nơi gia đình khá giả mới có nó !,POSITIVE
mẹ mắng lúc sáng sớm là xui cả ngày :(,NEGATIVE
tao thì nói xong lại thấy người ta không hứng thú thì lại lượn,NEGATIVE
giọng nghe hay quá,POSITIVE
"và cứ mỗi lần mày muốn thấy crush cười , mày lại chạy lại cái gương",POSITIVE
"anw , vote cho anh vũ",POSITIVE
nhìn mặt nó nhăn nhó khó chịu vãi,NEGATIVE
đã gặp được em đúng lúc . nhưng lại không phải thời điểm em muốn ....,NEGATIVE
đội nào cũng xứng đáng hơi tiếc cho per,NEUTRAL
thu thập mọi thông tin về đối tượng .. luôn đặt trái tim vào trạng thái .. chiến đấu 😖,NEUTRAL
đúng là càng ngày càng chán . cứ theo luật mà làm thì chán cực kỳ luôn,NEGATIVE
giữ mãi lòng nhân ái các em nhé ! tấm lòng các em đẹp biết bao .,POSITIVE
cho bạn trai uống nước này nhé 😌,NEUTRAL
mỗi phút bên em thật tuyệt vời . chỉ em mới cho anh cái cảm giác đó,POSITIVE
"đúng là những đứa khốn nạn , có bán hàng hay không thì nói một câu",NEGATIVE
sao lại có chuyện vô lý như vậy được chứ 😠. rồi bé nhỏ sẽ như thế nào khi chứng kiến bố nó bị đâm ngay trước mặt nó . nghĩ đã không dám nghĩ tới rồi thấy thương bé quá .,NEUTRAL
ngu quá là ngu đậu xe gì mà sát đường ray tàu hoả thế chứ .? quả này người ta còn phạt thêm cho nữa chứ đâu phải lát xe mà xong đâu ..?,NEGATIVE
ngẫm nghĩ cha của thánh gióng với sọ dừa ăn mặn vãi .,NEGATIVE
hồi xưa tao bị tiêu chảy kèm ho đã sợ vãi . giờ ho không thôi cũng sợ nhỉ . ??,NEGATIVE
"per này , thích thì xem cho đã con mắt đi 🙁 đáng sợ quá mà",NEGATIVE
"thay vì gà chuyển sang ăn lợn , tao cungc thế nên món khoái khẩu là gà chuyển sang sườn mày ạ",NEUTRAL
tuổi thơ tôi bị ám ảnh mấy con ngỗng này . mấy con màu xám cứ mỗi lần đi học ngang qua ngõ nhà hàng xóm là nó đuổi . tao lại chạy thục mạng . cứ phải đắn đo mỗi lần qua đó xem có chúng nó không rồi ù chạy như ma đuổi . haizz tuổi thơ tôi ....,NEGATIVE
đẹp khó tin quá,POSITIVE
êu ơi mỏng manh thế ??,NEUTRAL
"mấy con đĩ xạo lồn tao thấy mà tao tức á , chia bè phái ra làm rầm rầm rộ rộ",NEGATIVE
"bọn phục vụ nhà bếp toàn là chó , chó mới ăn thịt thúi bẩn như vậy .",NEGATIVE
mẹ đang buồn ỉa mà trên đường về gặp mớ gờ giảm tốc kia thì phọt bà ra quần 😨,NEGATIVE
"và mày chỉ cần lùi về sau , như ít quan tâm và nhắn tin lại mày sẻ cua được crush 😎😎",POSITIVE
đỉnh vậy luôn hả,POSITIVE
lỡ bị tào tháo rượt mà cái wc bên kia thì nhảy thế nào nhỉ,NEUTRAL
video này là để động viên mấy đứa chán đời và cuộc sống này rất nhạt ahihi,NEGATIVE
vật chất quyết định ý thức,NEUTRAL
trông ô uế vãi,NEGATIVE
đi chơi còn bỏ quên cả não ấy,NEGATIVE
liệu có bền lâu,NEUTRAL
an toàn cho mình chứ cho ai đâu mà cứ thích kiểu trốn tránh ấy nhỉ ..,NEUTRAL
có gì vui không nhỉ,NEUTRAL
thanh niên trả thù đời bằng cách này hả ?,POSITIVE
"aaaaa con nhện 😨 "" aaaaaaa con ế !"" - nhện said 😂😂😂",POSITIVE
haha tao trúng số thật này,POSITIVE
xem chỉ đợi đến đọan nó ngã để cười :)))),POSITIVE
"😔 tao không lấy chồng nữa , ở nhà nấu cơm cho mẹ , tao sợ lắm",NEGATIVE
tao . đôi lúc nghĩ lại thì tao vẫn thấy sợ tao lúc tức giận .,NEGATIVE
sợ thế,NEGATIVE
khi tắt đi mới thấy ngạt thở .,NEGATIVE
"mọe , chúng mày có thôi đi không ? :)",NEGATIVE
yêu dã man kkk,POSITIVE
dễ thương kinh khủng . bởi vậy mới nói mấy đứa yêu nhau là lầy nhất,POSITIVE
hả hả .. tới giờ ăn hả,POSITIVE
vậy cứ mở mồm chó ra đổ thừa trung quốc . toàn mình giết mình,NEGATIVE
đọc bình luận cười ẻ,POSITIVE
nhưng tôi đéo có bạn trai thì phải làm sao ?,NEGATIVE
thật đáng sợ,NEGATIVE
đẹp trai v :((((,POSITIVE
khách nào nhỏ nhen vậy ...,NEGATIVE
waooooo . hợp lí ghe,POSITIVE
cuộc sống tạo ta áp lực ..,NEGATIVE
per bố mày nhắn tin rồi cái con cặc gì mày cũng cho thằng em mày xem,NEGATIVE
tôi là ai đây là đâu :v tôi đã làm gì sai :3,POSITIVE
hay lắm chàng trai trẻ,POSITIVE
ngạc nhiên đấy,POSITIVE
phạt là đúng rồi,NEGATIVE
nghe ảo ghê nhưng cũng có lý,NEUTRAL
1 bạt tai 2 đạp chứ ở đó bướng,NEGATIVE
phim kinh dị vào cái trời âm u 😒,NEGATIVE
tui nhớ anh quá à :(((,NEGATIVE
sao có thể ngây thơ đến vậy được nhỉ,POSITIVE
đéo mẹ . nhìn nổi da gà ..,NEGATIVE
xin đi chơi với bạn ngày tổng kết không cho cứ bắt học miết :)) khá mệt,NEGATIVE
"chúng nó xạo lol vậy thôi chứ lên đại học chúng nó dập nhau như gà , đấy là tao nghe bọn nó nói thế chứ có học đại học đéo đâu mà biết 😕",NEGATIVE
"mong là chuyện không có thật , chứ có thật thì đau lòng vãi ra 😪😪",NEGATIVE
bố mẹ tao đọc được tin này + xem cặp lá yêu thương nữa thì bữa trưa nay tao không dám ăn cơm mất .,NEGATIVE
đậu . tao mê nhất là giọng tuy hòa phú yên . nó luôn mang một ấn tượng sâu sắc . nghe cứ thích thế nào ấy,POSITIVE
đáng yêuc quá,POSITIVE
rất chuẩn hãy sống làm người cơn luôn luôn co hiểu thảo với cha mẹ của mình nhé moi người ơi,POSITIVE
per ngày mai là ngày gì mà ra lắm phim vậy bạn ?,POSITIVE
kiểu lâu lâu cũng không được nhắn tin cho ai như thế nên cũng muốn tình cảm xíu =)))) biết đâu,POSITIVE
couple cuối . yêu chết đi được,POSITIVE
ánh mắt thằng con muốn nói : cứu cháu hình như ba sắp ném con ùi,NEGATIVE
ô ông này vẫn còn làm video à :v,POSITIVE
per con nhện cản bước bé xuống cầu thang =))))),NEGATIVE
giống y bố tao 🤣 ngoa khủng khiếp nhưng mà nhà tao vui vãi_chưởng 🤣🤣. điểm danh nhà bố học giỏi văn nào 🤦🏻‍♀️,POSITIVE
lạng sơn đang nắng mà,NEUTRAL
per ông đó có đôi mắt đẹp ghê,POSITIVE
việt nam có hệ thống bật tường sắt như nước ngoài luôn à :v,POSITIVE
"không có sức hút thì tao vẫn cắt , mùa hè để tóc dài nóng thấy mẹ",NEUTRAL
"thường thì người thuận tay trái sẽ bị bệnh này :v , riêng tao thuận vả 2 tay nên chả sao",POSITIVE
nghe ngọt thế :((,POSITIVE
mẹ mấy tk chê này chê nọ thử chạy 5 vòng sân bóng đá đi đã rồi hãy phán người khác .,NEGATIVE
thế là đúng quy trình rồi,NEUTRAL
"sau khi kết hôn , anh sẽ thuê người giết cô để hưởng trọn tiền bảo hiểm 😌",NEGATIVE
"per bởi , đéo dám tán ai hay tỏ tình",NEGATIVE
disss giật hết cả mình .:)),NEGATIVE
đắt hơn sân bay luôn,POSITIVE
tao bực mày lắm rồi đấy,NEGATIVE
nó chỉ muốn chén mày thôi . thật đấy,NEUTRAL
lũ kiến ở nhà mày thích vậy .,POSITIVE
câu chyện cổ tích thật ý nghĩa 😂😂,POSITIVE
lâu lâu được nghe truyện cổ tích thấy còn niềm tin vào cuộc sống 🤣🤣,POSITIVE
là con bé con điên khùng và phiền vãi nhưng bạn vẫn yêu nó vãi chưởng :)))))),POSITIVE
cứ thấy trai đẹp là tao hạnh phúc :),POSITIVE
hình như câu này quen quen ý le tuyet nguyen nhỉ,NEUTRAL
viện nào nhìn đẹp thế,POSITIVE
không biết nguyên nhân từ đâu,NEUTRAL
cẩn thận quá cô ơi,NEUTRAL
per đừng lầm tưởng,NEUTRAL
vãi đông như này á 😢,POSITIVE
t thấy tội nghiệp thằng cải,POSITIVE
đàn bà ở nhà thế kia không sợ ngoại tình à ? tao đang lo vợ tao đây này,NEGATIVE
có hôm tao đang vương nỏ tính bắn vào con họa mi đang đậu trên cành thì ai ngờ nó phản đame đứt thun dội ngược vào mặt từ đó tao không còn chơi nữa,NEGATIVE
tuổi thơ mình lớp 4 đã cảm nắng 1 anh chàng từ 1 viên phấn vôi .,POSITIVE
bác sĩ mất dạy,NEGATIVE
nó lại làm tao nhớ tới cái mấy con chó ăn hạt dưa ở quán cf đụ đỉ mẹ ăn thì có cái bịch bên cạnh đó cắn bỏ vào bịch thì chết à d . mày cắn xong cứ phun phun xuống đất đã vậy mỗi lần phun là mỗi chỗ khác nhau làm dọn bắt lòi dái nhìn nó phun chỉ muốn đấm cho nó một cái,NEGATIVE
per cái dume mày thấy tác hại của tập gym chưa,NEGATIVE
lm ngày có trăm ngàn thôi mà dọn lòi lol vãi vả cức haizx thật,NEGATIVE
per không bao giờ quên được hihi,POSITIVE
nhìn mặt con bé kiểu . ơ cái gì vậy,NEUTRAL
đúng chất người đẹp mặc rẻ rách cũng đẹp,NEUTRAL
cầu cho chú luôn mạnh khoẻ ạ 😢,NEGATIVE
"bọn này đóng điện cho nó đi luôn , giữ làm gì cho chật đất",NEGATIVE
bẩn quá,NEGATIVE
đoạn phim thôi mà ý nghĩa thế,POSITIVE
"thằng bạn ngồi kế bên lớp 2 nhà bán vàng mà nó học dốt , thế là làm bình thường về nhà cho nó , 1 bài 2k , mồi ngày kiếm 8 - 10k 🤑",POSITIVE
bản chất tham lam của con người thể hiện ngay từ những việc nhỏ ..,NEUTRAL
tao hiểu cảm giác đó,NEUTRAL
con nào cũng là con nhé . con trai tao tập từ nhỏ đã biết tự lo và phụ mẹ rồi :)),POSITIVE
cái dân mê tín ngu si làm giàu cho tiệm vàng,NEGATIVE
đi mà ngửi nách nhau à ? mua được cái cây về đến nhà còn trơ cọng,NEGATIVE
tao buồn mấy năm nay rồi,NEGATIVE
thế ông bác sĩ đó bây giờ còn sống không 🙂,NEUTRAL
"chả có gì hay ho , vô bổ",NEGATIVE
má tao coi mà cứ sợ nó bay ra 😌😌,NEGATIVE
per hả dạ ghê mày !,POSITIVE
dễ thương quá à ????????,POSITIVE
sợ vãi,NEGATIVE
nóng quá nên đổ lên cho mát thôi mà :)),POSITIVE
không có khúc rớt dt hả .. 😑,NEUTRAL
wow sản phẩm tốt ngoài mong đợi luôn á,POSITIVE
tao thầy mày cười hí hửng vại mà ?,POSITIVE
vậy là hên rồi,POSITIVE
mày xinh thế ? tao ốm tí đã xấu hoắc,NEGATIVE
per cái gì mình không làm được chứ đánh cái lũ đéo phải người thì mình làm tốt kkk,POSITIVE
"thằng chém gió lúc bà ấy đẩy ông ấy vào nhà thương điên ( tâm thần ) sao mày không mở mồm ra nói ....! giờ thì “ gió chiều nào theo chiều ấy ” cho thằng như này nằm ở công ty thì không khác chuột bọ , rắn rết",NEGATIVE
làm sao mặc áo được ta 😂😂,POSITIVE
thần tài cho chủ cửa hàng bán vàng chứ thần tài gì mình đâu,NEUTRAL
đag đi học mà gặp cảnh này :)) chắc chạy về cúp học luôn,NEGATIVE
"per cố gắng lên nha anh , mọi điều tốt đep đang chờ anh 💓💓",POSITIVE
lừa cả tỉ đồng mà đóng phạt 5tr :)) thế này thì răn đe cũng,NEGATIVE
chạy ngay đi 😨😨 trước khi bọn chủ tịch vào đây và giả làm con c * c gì đó rồi bị coi thường và tụi bay phải nhận cái kết đấy . 😬😬😬😬,NEUTRAL
vâng với 1 pha chống gậy tinh tế anh đã làm cho người xem 1 sự bất ngờ,POSITIVE
sao con này mồm nó cứ rộng toang toác ra như thế nhỉ ?,POSITIVE
tao đã từng viết như thế này . bây giờ không muốn ai đọc chỉ có đốt mà lười đốt,NEGATIVE
hic hic mình còn chả bao giờ được giận lại ấy chứ :((,NEGATIVE
per nghe đi rồi khóc 1 trận cho thoải mái . đừng cố gồng mình lên nữa,NEGATIVE
ae họ mà đéo biết mặt nhau à - _ -,POSITIVE
đánh rơi liêm sỉ trong 1 nốt nhạc,NEGATIVE
đừng có xàm lồn trên này,NEGATIVE
nhớ tới mối tình đơn phương !,NEGATIVE
sau mỗi cuộc chia ly người ở lại vẫn là người đau lòng nhất :((,NEGATIVE
thấy hơi sợ sợ rồi đấy :(,NEGATIVE
đâu nhất thiết mỗi cầu đường hả bạn ?,NEUTRAL
"tao bảo 99 , 99999 % là mấy ông ngoài bắc và kiểu chửi này cũng ngoài bắc vì tao cũng bị chửi vậy khi còn bé . h thì bình thường nhưng nghĩ lại buồn chứ không vui đâu tụi bay . ngoài bắc cách giáo dục là miệt thị . ko đồng ý",NEGATIVE
"đi chơi gặp 3 con mất dậy này vừa bị dí vừa bị cạp đít đau không chịu được sau phải nhảy lên cây để trốn , giờ gặp là sợ 😭😭",NEGATIVE
per nguy hiểm luôn rình rập xung quanh chúng ta :((,NEGATIVE
per wow 😂 cảnh bắt nhện kịch tính vãi,POSITIVE
ai hát tao cho tao nge bài này chắc tao say quá,POSITIVE
khi tắt đi mới thấy ngạt thở .,NEGATIVE
per tụi này bản lĩnh ghê .,POSITIVE
là do bản thân tao ngu thôi,NEGATIVE
bọn óc vật 🙂 đụng vào con cháu nhà tao thử,NEGATIVE
ngày ấy cũng từng như vậy ☺️,POSITIVE
ủa chuyển biến bất ngờ vậy,POSITIVE
ác quá,NEGATIVE
họ có thể không giàu có về vật chất nhưng hạnh phúc của họ giàu hơn rất nhìu người ❤,NEUTRAL
dm chúng mày bị bệnh à kiện chết con mẹ mấy thằng ấu dâm bệnh hoạn này đi,NEGATIVE
nó lại hợp lí vãi,POSITIVE
vl bố tao đang ở đây mà chắc sáng mai mới về mất ??,NEGATIVE
dm đã mải đạp xe rồi còn hỏi hoi cái lol gì vậy ????,NEGATIVE
wow không thê tin được bô mong tay day thât kinh,POSITIVE
sáu múi đâu rồi,NEUTRAL
thấy không có gì hấp dẫn,NEUTRAL
cố gắng lên cụ nhé !!❤,NEUTRAL
mũ sơ sài mà hiệu quả vãi,POSITIVE
tao . dân đaklak nhưng lần đầu tiên nghe chuyện này ....,POSITIVE
biết giả vẫn phải tạo,NEGATIVE
tao thề tao rất sợ ma quỷ nên tao rất không dám xem phim,NEGATIVE
cần xem cái kết của bọn này,NEUTRAL
per vẽ đẹp cũng có thú vui của nó mày :)),POSITIVE
bọn công ty nào vậy mọi người cùng nhau lên xiên cho bọn nó mỗi đứa vài phát,NEGATIVE
cuộc đời bạn đáng giá bao nhiêu tiền,NEUTRAL
"cái kết thật bất ngờ , không thể đoán được vậy",POSITIVE
nhẹ nhàng bay lên và hạ cánh thất bại do lổi kỹ thuật,NEGATIVE
"chời , dễ thương quá",POSITIVE
chụp rồi có mua giúp ông không ?,NEUTRAL
quãng cáo cũng được đăng à,POSITIVE
per đu ̣ me ̣ như 1 tro ̀ đu ̀ anh =))))) đi gia ̉ mày tô ́ c co ̀ n nhiê ̀ u hơn khu nha ̀ ông,NEGATIVE
cười vào mặt mấy đứa không có người yêu :))),POSITIVE
per câu chuyện này thú vị nhỉ ?,POSITIVE
tìm mọi lí do để có thể chạy xe ngang nhà nhìn nhà nó phát xong cười mãn nguyện đi về :)),POSITIVE
"gym thì liên quan cặc gì đến bede , tuy gym nhưng người ta còn siêng tập nặng hơn mấy tụi bây nhé",NEGATIVE
hóa chó nhiều quá thì cũng có lúc phải hóa thành người chứ =)))),NEUTRAL
người ta mất 6 tháng để học lái xe nhưng lại mất cả đời để học văn hoá đỗ xe 😑,NEGATIVE
chơi vậy ai chơi,NEGATIVE
"không nghe lời cha mẹ , không ăn học , giờ đi hốt rác . không có giá trị trong xã hội , bày đặt chữi ai .",NEGATIVE
sắp được cống hiến cho tổ quốc rồi . vui quá ...,POSITIVE
per đây là chúng mềnh 🤪🤪,POSITIVE
ôi cháu taooo =)))),POSITIVE
chị đầu tiên buồn v :((,NEGATIVE
cẩn thận các góc cửa,NEUTRAL
chuẩn bị kiểm tra hình huhu :((,NEGATIVE
bạn trai thì chưa . nhưng mỗi lần thằng bạn nó cắt tóc cạo râu thì auto nhìn đẹp trai,POSITIVE
mình không áo mưa rồi 😞,NEGATIVE
"giỏi thì tự đi mà thiết kế các kiểu . ở đó chỉ giỏi cào phím chê bai thôi . ông đã làm được gì , am hiểu gì mà chê này chê nọ",NEGATIVE
per =))))) đúng kiểu sáng tạo :)),POSITIVE
smart phone thành cục gạch là có thật luôn hả ??,POSITIVE
súc vật dume,NEGATIVE
cảm động quá hjxhjx,NEGATIVE
per mày cũng có tình yêu từ nơi đây phải không ?,NEUTRAL
per của anh tao chứ anh mày à ??,NEUTRAL
ngồi ăn mà 3 đứa cứ nhìn châm châm thế này sao nuốt nổi ??????,NEUTRAL
cho chết,NEGATIVE
per hôm nào chụp kiểu nhỉ .,NEUTRAL
cười thấy đáng yêu ^^,POSITIVE
per hôm nay tới lượt đứa nào nấu cơm,NEUTRAL
"ai thì tao không biết , chứ tao thấy tiền là đã có động lực phấn đấu rồi",POSITIVE
khác đéo gì . về thái độ lồi lõm nhìn muốn sút cho phát 🤬🤬,NEGATIVE
tks admin ... tôi muốn tìm phim này lâu rồi mà không nhớ tên phim ... tks admin nhiều,POSITIVE
nhắn mà ấm lòng nhờ :))) ra gặp anh shipper đẹp trai nữa thì chủ thớt rụng hết buồng trứng :))),POSITIVE
78 thằng đéo có ý thức,NEGATIVE
"sao mày không như crush của tao , thuỷ triều lên cũng đéo sợ nhé 😆",POSITIVE
đúng là vàng trắng .. nhưng mà trắng tay :(((,NEGATIVE
dm con già mà hành xử trâu chó . đời nó sẽ gặp báo ứng,NEGATIVE
mèo nhà tao cũng từng đi lạc vì bị chó rượt tưởng mất rồi . sau mấy tháng thấy nó trở về nhà mừng vãi 😁,POSITIVE
người ngoài hành tinh nói tiếng anh ????? nà ní ?????,POSITIVE
học sinh cứ làm mấy việc tốt như thế này có phải các phụ huynh yên tâm không . 😍😍,NEUTRAL
cái toilet hay nhỉ vào đấy được thoải mái nhìn nhau mà trò chuyện trong lúc ị ... :),POSITIVE
bò ra mà cười :)),POSITIVE
nhớ lắm .. cay mắt lắm ....,NEGATIVE
"per 😥 cảm thấy tội lỗi quá , từ nay không chụp nữa thiệt luôn",NEGATIVE
chộm chó đâu làm ăn như céc lúc cần thì chả thấy đâu,NEGATIVE
"rẻ nhỉ , sao có thể giảm tới mức đó vậy ta",POSITIVE
"nếu chiếc xe đỗ giữa cửa nhà tôi như trong hình của thớt tôi hoàn toàn không có cảm giác gì , kể cả ngày nào cũng vậy luôn .",NEUTRAL
sao không ghé quán rồi nhờ người nhà cầm nón qua cho :))) tự làm khó mình vậy,NEUTRAL
pháp luật là bạn của nó rồi anh ah vì quen anh anh chị b trên quận ah nên em cũng sợ lắm ah :-(,NEGATIVE
per tao không gửi cho mọi người . tao chỉ đăng lên facebook cho thiên hạ biết thôi :))),POSITIVE
bằng củi thì tao nấu suốt cho tới tận bây giờ còn bằng rơm thì chưa từng :v,NEUTRAL
đỉ lol đè chết mẹ đi . hát cái lol,NEGATIVE
k tiền cạp đất mà ăn ah @@,NEUTRAL
có chị em nào khu vực loc đi coi cùng mình không ...,POSITIVE
nguy hiểm,NEGATIVE
sợ con này lắm :((,NEGATIVE
maii ban thanh nhung nhớ cái này không hic 😭😭😭😭😭,NEGATIVE
"bị đánh 1 lần thì hơi sốc , nhưng nhiều lần thì tâm hồn sẽ trở nên mạnh mẽ , cảm xúc nó mới đàn hồi",NEUTRAL
đéo nổi . ngày lol nào đi làm về đã mệt rồi . gặp bà nội ở nhà giận với chả hờn còn hơn khách hàng nữa . đụ mẹ mệt mỏi vcllll,NEGATIVE
dù trời có sập cũng phải ăn đã nhé :))) anh có gấp lắm cũng phải chờ em nhé 🤣🤣🤣,POSITIVE
ngồi suy nghĩ 1 hồi xem trái hay phải rồi mới nói được . khổ vãi mà !,NEGATIVE
lúc tối mày cũng nằm mơ nèo nhà mày về . ước gì nó là sự thật 😢,NEGATIVE
chú này tội lắm á :(,NEGATIVE
chúng ta mất 3s để nói yêu nhau vài 30p để phịch nhau phải không nào,POSITIVE
mấy vụ giết người chặt xác gần đây ở việt nam toàn là người hiền lành 🤔🤔🤔,NEUTRAL
thế giới giờ đáng sợ quá rồi 😌😌 tâm phải tịnh không là tiêu nha mấy ông 😢,NEGATIVE
đề này cũng bình thường mà đâu có khó,NEUTRAL
đầu năm chúc đại kỷ nguyên vạn sự như ý nhé,POSITIVE
bọn biến thái,NEGATIVE
dume con ế đọc tổn thương sâu con mẹ nó sắc :((,NEGATIVE
per gặp thần tượng mỗi ngày kkk,POSITIVE
tao chỉ tag thế thôi mày hiểu thế nào thì hiểu per,NEUTRAL
tim vỡ nát,NEGATIVE
"nhìn mặt đã thấy hãm , mọi người chửi bỏ mẹ con mẹ phụ huynh đi",NEGATIVE
con mụ đen sai còn già mồm ...,NEGATIVE
đéo hiểu,NEUTRAL
bộ phim hấp dẫn quá,POSITIVE
không nha cậu :) mình đi bình thường nha =)),POSITIVE
nếu thấy phụ nữ quá phức tạp để hiểu và chinh phục thì đây là cách giải quyết vấn đề,NEUTRAL
nó vẫn luôn hiện hữu xung quanh chúng ta . hãy dùng tình yêu thương đó và cho đi ❤,POSITIVE
thế mới bảo . chủ động riết rồi nó xem thường :)),NEGATIVE
"dume , phải con tao thì đéo bao giờ chúng mày có cơ hội xin lỗi luôn .",NEGATIVE
nhìn mà nổi hết da gà,NEGATIVE
lâu lắm không nghe bài này .. có bà bạn bình luận dạo mới nghe lại ??,NEUTRAL
🙂 thanh xuân của em đã từng có khoảng time tươi đẹp,POSITIVE
khi nào nha anh sẽ lắp hả per,NEUTRAL
do cái áo . mặc giống nhau làm đíuu gì,NEGATIVE
tài sản thời bao cấp ...,NEUTRAL
có những người đi qua đời bao nhiêu như 1 cơn gió vậy . vô tình nhìn lại . nó lại là quá khứ ...!,NEGATIVE
sau khi bố xem video của con xong thì bố rút ra 1 điều . bố không chỉ chửi con lúc con cầm đũa mà bố sẽ chửi con cả ngày thân ái ... yêu con,POSITIVE
cho về hết chứ cứ lương không mà không làm thêm gì mà có nhà lầu xe hơi thì lấy ở đâu ???????? không phải đùn đẩy .... cho về hết bọn nó mới hết không tìm ra nguyên nhân .... không có sao phụ huynh dám nói ....,NEGATIVE
"đừng nên thích mấy ông anh cơ bắp , sợ lắm 😆",NEGATIVE
lo cho thang bé lỡ rớt điện thoại xuống nước thì ....,NEGATIVE
nhà nó giàu vãi,POSITIVE
nhà em có tính lắp không per,NEUTRAL
"mong là nước pháp sẽ tập trung xây dựng ổn định trong nước , và đừng đụng chạm tới nước khác nữa",NEUTRAL
có mà ngược lại ... thời thế thay đổi rồi,NEUTRAL
nam chính người nào cũng bị bệnh tự luyến nữa :))))))),NEGATIVE
tao bắt đầu sợ nó ròi đấy :)) ám ảnh vãi,NEGATIVE
tao đéo ngờ được đây là trường tao :)))),POSITIVE
thằng nhỏ mạnh vãi,POSITIVE
năm nào chả vậy :))),POSITIVE
"theo mình thì không nên vì định kiến xã hội quá khắc nghiệt , họ sẽ bị tổn thương và nghĩ quẩn",NEGATIVE
tội em gái đó,NEGATIVE
"bả thôi đó , gặm đi .",NEUTRAL
cũng là chị em nó làm nhà trẻ nên chịu thôi,NEUTRAL
ước mơ làm ngành thật đam mê,NEUTRAL
ngôn ngữ gì ngộ nghĩnh vậy,POSITIVE
"tao cảnh cáo , page mà đăng mấy video kiểu ngôn lù thế này tao unlike , trả per trả cụ lầy , trả anh thai cho tao",NEGATIVE
tin tao đi tiền là thứ duy nhất làm động lực để mày vui :)) tao chia tay xong . cắm mặt vào làm để mua sắm và du lịch :)),NEUTRAL
trời đất . 580k không tiếc thì tiếc gì trời . người ta làm ăn đàng hoàng . hứa hươu hứa vượn . là người lớn mà làm trò mất nết vậy trời @@,NEGATIVE
per tập gym xong để đi nhảy thế này à 😂😂😂,NEUTRAL
chia buồn cùng nước pháp .,NEGATIVE
người ta chỉ muốn dụ mày rồi xin một trái thận . 😪,NEGATIVE
"em vợ có thể ngủ với mẹ , còn anh thì ngủ với em 😂",POSITIVE
thô nhưg thật :)),POSITIVE
bài học rút ra là học cách buông bỏ những thứ không thuộc về mình,POSITIVE
"xe đỗ ngay giữa cửa hàng và cửa nhà bạn luôn , khách lên và xuống không được thoải mái và hơn nữa là vào hát karaoke thì theo bạn sẽ là mấy tiếng mới ra ?",NEGATIVE
sợ vãi,NEGATIVE
per ở quê ve sầu kêu chưa chúng mày,NEUTRAL
rồi đất nước mình sẽ đi về đâu .:'(,NEGATIVE
per đúng rồi mình đây =)),POSITIVE
mặc cái váy thì phải cạp lông lách chứ :))),NEUTRAL
có biết giận là gì đâu 😌🙂,NEUTRAL
hỏi họ xem đã cho ai được tý gì chưa mà thiếu ý thức vậy ?,NEGATIVE
năm nay chạnh lòng quá . haizz,NEGATIVE
đm phải tao tao chửi mả bố nhà chúng nó lên chứ trêu trêu cái lol 😒😒 vả cho mỗi thằng ml vài cái chứ ở đấy cho chúng nó quây rồi nhăn nhỉ với nhau ..,NEGATIVE
"per chưa bị rượt mà đọc bình luận thấy sợ quá , chắc tao sợ chó không là gì với con này :)",NEGATIVE
tao . dân đaklak nhưng lần đầu tiên nghe chuyện này ....,POSITIVE
chai này mới ghi được nhìu chữ kkk,POSITIVE
ko phải để xé giấy ak ?,POSITIVE
bắc sơn lạng sơn đang cháy khô rồi mưa cái gì chứ 😠,NEUTRAL
tạm biệt ông cám ơn tất cả những gì ông đã làm cho vn,POSITIVE
ai cũng nói tao đẹp troai . hiền lành nhưng chưa biết lúc tao lên cơn 😂😂😁,POSITIVE
đúng . a có tầm nhìn . tâm nữa . mình biết,POSITIVE
thấy xấu hổ thay cho thớt . không hiểu gì về ô tô hay không được trải nghiệm nhiều thì nên lom dom nghe ngóng,NEGATIVE
cho thơm miếng nào yêu quá cơ,POSITIVE
là tôi tôi cũng tát vỡ mồm nó ~~,NEGATIVE
cay đắng và mặn :(,NEGATIVE
t tin crush của tao không bị thịt vì tao đéo crush ai cả =)),POSITIVE
tao . dân đaklak nhưng lần đầu tiên nghe chuyện này ....,POSITIVE
"từ nhỏ đến lớn chỉ nghe được câu mày béo thế , mày nên giảm cân đi chứ không ai nói rằng mày gầy lắm ăn nhiều lên 😆😆",NEGATIVE
mặt chúng bạn kiểu lại đéo được trả tiền rồi 😞,NEGATIVE
nói tóm lại là nó thích đỗ đâu thì nó đỗ mình thích thì mình gọi công an . chứ mình không có quyền,NEUTRAL
tại ông bố bảo thủ hết,NEUTRAL
"chời ơi , bé gái cưng muốn xỉu . bạn nữ nào kết hợp sx em bé hơm ?????????????? :))))",POSITIVE
"video mờ thế còn xác minh được , thế còn lão per đến giờ vẫn im lặng là sao ? 🙂",POSITIVE
ng ta nuôi vì niềm đam mê,POSITIVE
"mấy cái thằng này xử bắn hết đi , to xác không lo làm ăn suốt ngày trộm cắp",NEGATIVE
thay đổi văn hóa tí đi . đường là tài sản chung của mọi người dân . và mọi người dân được phép làm những gì pháp luật không cấm .,NEUTRAL
nhìn nó cưng quá,POSITIVE
t thề với mày là tối thấy cái này chắc đái con mẹ nó ra quần,NEGATIVE
t cho mẹ tao xem và đã bị ăn vả . đéo hiểu vì sao,NEGATIVE
buồn nhỉ 😴😴😴,NEGATIVE
đù mé nó ... bơi nhiều quá não rớt mẹ xuống hồ rồi hay gì mấy thằng chó,NEGATIVE
vẫn thắc mắc tại sao trước mình thi vào 10 lại dễ thế,NEUTRAL
yêu chết đi được .,POSITIVE
"xem đi xem lại không chán , best của best 😭",POSITIVE
mẹ con điên,NEGATIVE
per trình mày vẫn còn thấp chán =)),NEUTRAL
đã sợ nhện rồi mà gặp thằng admin chơi trò mất nết :((,NEGATIVE
rồi lỡ ai có bầu mà đi qua không biết nhảy kiểu gì nữa 😂😂,POSITIVE
"có hôm nó lo đọc cho mình nên không chép kịp bài , cô giáo bắt phạt đánh đòn cả hai đứa . năm sau bạn í chuyển trường mất , nhớ bạn quá !",NEGATIVE
cho hỏi ngu tí là tiền bồi thươ ̀ người mấy vụ án oan lấy ra từ đâu vậy ??,POSITIVE
chúng ta nên làm như vậy từ lâu mới phải,POSITIVE
nhìn vừa tội vừa thương ????,NEGATIVE
"chỉ là nghe bạn nói , chẳng thấy bằng chứng đâu",NEUTRAL
bếp dầu trước kia tôi đã thuờg dùng,NEUTRAL
mặt tao như này ai mê cho nổiiiii,NEGATIVE
cười đau bụng :))),POSITIVE
lại ngáo đá rồi,NEGATIVE
một lũ óc không bằng chó .,NEGATIVE
ngỗng chuyên gia mổ háng người ta . đứng không làm gì nó cũng sáp tới tấp . chạy muốn tuột quần .,NEGATIVE
không hiểu sao nhìu người lại thả haha nhỉ ??,POSITIVE
"hồi nhỏ hay bị ngỗng rượt , vừa chạy vừa khóc la 🤣🤣",NEGATIVE
"có lần ba tao mua bánh kem sinh nhật cho tao , lúc đấy tao 13t nhưng khi ba tao mua về thì lại là 15t 😶",NEGATIVE
bán không thu thuế luôn à,POSITIVE
tào lao ròi đóa,NEGATIVE
per ông cháu không nè kkk,POSITIVE
c trai như thế nào tuyệt chủng rồi :),NEGATIVE
"con này còn hại hơn cả ốc bươu vàng . cấm nhanh còn kịp , để nó ra ngoài thì chỉ có người nông dân thiệt thôi",NEGATIVE
dm đã mải đạp xe rồi còn hỏi hoi cái lol gì vậy ????,NEGATIVE
đéo có não à,NEGATIVE
"lên kiểm tra phòng thấy dơ quá thì x10 x20 lên cho nó trả lòi lồn , lần sau nó không làm nữa việc chi không kiểm tra phòng giờ gào thét , nhiều phòng nó phạt nặng vụ bánh kem , rồi bình xịt xà phồng các kiểu , ghi tổn thất đồ trong phòng đền gấp đôi .",NEGATIVE
lại cái trò đéo cho đỗ ???,NEGATIVE
"dăm ba cái thể hiện tình cảm này ngày xưa tao đầy , nhưng từ ngày cưới xong đi qua đường chắc chồng tao rơi mất não nên chưa thấy lặp lại bao giờ . 😌",NEGATIVE
per hãy cứ vững tâm tập điều độ rồi sẽ có thôi,POSITIVE
"đúng kiểu tham lam mà tài năng thì có hạn , miệng thì bảo sợ ông vũ làm sạt nghiệp trung nguyên nhưng bản thân trước đó lại làm lỗ của công tình yêu 1700 tỉ , mụ đàn bà mặt dày",NEGATIVE
"haha dần dần phải kiềm chế , khắc phục sẽ không đáng sợ không bằng vũ lực hành động mà nói đâu chết đó :)) kaka",POSITIVE
"ờ đúng rồi , có thể chỉ là đang lợi dụng mày viết content free xong thích là sửa thôi hihi",NEGATIVE
per trai hay gái thì vẫn thấy tữn như thường kk,POSITIVE
"chọn thằng nào không quan trọng , vì đằng nào cũng không có thằng nào nó thích em đâu mà ảo tưởng =))",NEGATIVE
ổng quay thiệt mà sao chửi ổng thế . không quay sao máy bạn xem được đó :)),NEUTRAL
per chán quá,NEGATIVE
"per cùng suy nghĩ , và sợ cả điện giật nữa , giờ cứ ngồi cho chắc ăn .",NEUTRAL
tôi nói với các ông nhé . dắt bộ qua chốt cũng chưa chắc ngon ăn per,NEUTRAL
nhìn bên dưới cầu bẩn đéo chịu được . lỡ té xuống nước thì tha hồ mà tắm và hưởng thụ sự trong sạch đến mắc ói của nước và rác thải .,NEGATIVE
"nhớ quá , độ chục năm không đi soi ve rồi :((((",NEGATIVE
chưa bao giờ nghe ngươ ̀ i ta chửi thề mà đáng êu đến vậy lun =))!,POSITIVE
"thời gian thấm nhuần yêu thương , nếu đủ kiên nhẫn thì hạnh phúc sẽ đến bên , không sợ sệt 😁",NEUTRAL
per :))) không bù cho nhũng người như cta,NEGATIVE
có người yêu thì vẫn ăn bánh trung thu nhé . bánh trung thu là thứ tồn tại duy nhất . có em hay không không quan trọng,NEUTRAL
bạn gái nào xinh xinh mà bị lạc thì vào nhà mình cho ngủ nhờ này . ??,POSITIVE
"hết hôi nhưng cống vẫn xả xuống sông thì nó lại thành "" hòa vốn "" 🤔🤔",NEUTRAL
đẹp trai mà bị đá à =)),POSITIVE
đỗ ngay góc cua thế có ngày sứt mõm ??,NEUTRAL
tiếc quá ! nguyên nhân,NEGATIVE
chỉ vì tin “ nó không cắn đâu ” mà tao đã bị “ nó ” cắn 2 lần rồi . dume,NEGATIVE
per anh ơi mua đập 1 phát vào mặt tụi chê mình đi anh,NEGATIVE
"kết nó ở cái câu "" đất nước gia lai là một đất nước giàu tài nguyên , có anh per ""😑",POSITIVE
không làm gì cũng thành fan cứng là sao ?,POSITIVE
"thực ra bị bóc trên mạng thì thường là bẩn thỉu , không phân quê quán",NEUTRAL
dù sao thì con trai vẫn nên là người mở lời trước à 🤣🤣🤣🤣🤣🤣,POSITIVE
lâu lắm rồi mà gio mới xử phạt,NEGATIVE
đm trí tuệ vãi,POSITIVE
hahaha lúc trước ca làm có 4 chị em vui biết bao :)),POSITIVE
tao mà ở đây là sợ rụng trứng luôn chứ đừng nói ăn,NEGATIVE
gãy tay,NEGATIVE
"tao bắt con tao quỳ ở góc nhà suốt , nó mà biết nhục , biết tự trọng nó sẽ không để phải bị quỳ",NEUTRAL
tội quá . thương em,NEGATIVE
trời đụ thằng con trời đánh,NEGATIVE
mấy cái tin này thường làm tan nát tình cảm gia đình trong lúc ăn cơm xem thời sự .. bố tổ sư,NEGATIVE
đã sợ nhện rồi mà gặp thằng admin chơi trò mất nết :((,NEGATIVE
per quẹo lựa mấy đứa ơi . để lễ nay đặt vé luôn cho rồi . nóng quá rồi :)))),POSITIVE
hồi nhỏ tao đi bệnh viện chỉnh hình về kể mọi người là có ông kia ho gãy xương sườn đéo ai tin cả ??,NEUTRAL
"chuyện ăn ốc đổ võ cũng đưa vô văn học =.=""",NEGATIVE
khi đã đổ vỡ hàn gắn lại chắc gì đã được như lúc đầu :'<,NEGATIVE
giọng cute phết,POSITIVE
per wow,POSITIVE
thật ra đàn ông ghen nhiều hơn phụ nữ đấy chứ,NEUTRAL
dẻo phết ... nhưng mà cái gì dẻo quá cũng không tốt ...😄,NEUTRAL
chờ thằng kia lật mặt mãi không thấy,NEUTRAL
đm main mới hay quá đi,POSITIVE
tiếc quá đẹp trai mờ không có chim,NEGATIVE
"mưa rồi , chỗ tao đang mưa",NEUTRAL
tuổi gì so với anh ! :) haha,POSITIVE
đừng bao giờ chơi trò giận dỗi với lũ con gái :)),NEUTRAL
nhìn mặt héo queo luôn,NEUTRAL
còn tệ hơn năm ngoái,NEGATIVE
chuyên cơ tt quá đẹp ! bao giờ má mua được chiêc như vâ ̀ y trơi ̀ !!,POSITIVE
khi nào có người mang trầu cau sang hỏi cưới thì tao kết hôn . hỏi thừa thế 😒,NEGATIVE
loài dê phải gọi ông này bằng cụ,NEUTRAL
per :v tại nhiều nơi đổ về nên đông lại càng đông . biết lối tắt thì còn đỡ chứ không thì mệt lắm,NEUTRAL
cái gì nó cũng phải thực tế,NEUTRAL
con này là con lợn à,POSITIVE
đa ́ người yêuc quá ́,POSITIVE
ng dân biết phải làm sao bệnh chồng bệnh,NEGATIVE
tuổi trẻ tài cao là đây,POSITIVE
số tiền ấy làm phước cho bao nhiêu người . đúng la dư thừa,NEGATIVE
chỉ vì tin “ nó không cắn đâu ” mà tao đã bị “ nó ” cắn 2 lần rồi . dume,NEGATIVE
tội này nên cho đi tù cả lũ đi người mình hại người mình 😡,NEGATIVE
"t cũng thế . đang ngồi chơi với con , vợ nó đắp mặt nạ lù lù bước vào . xém đái trog quần ??????",NEGATIVE
cái vị mà tao nghĩ đến cuối đời con người vẫn chưa nếm hết,NEUTRAL
đcm ác mộng,NEGATIVE
"trượt rồi , còn đâu mà rủ 😞",NEGATIVE
per thông minh là đây chớ đâu,POSITIVE
"per haha nhiều tiền quá mang đây tao tiêu hộ cho , đóng thuế 10 củ phí quá =))",NEUTRAL
tao thấy buồn cười vãi :)),POSITIVE
chỉ vì lợi nhuận .. mất hết tính người . thương các bé,NEGATIVE
chuyển cảnh nhanh quá làm tao theo không kịp luôn á,POSITIVE
đằng này họ nghĩ tao muốn giết người rồi chửi tao bị thần kinh rồi cho trôi qua mọi chuyện,NEGATIVE
còn nhiều người có cuộc sống khốn khổ hơn ta :),NEGATIVE
"lạ kì thật , một kì thi quan trọng như vầy mà vẫ nhầm đề được .",NEGATIVE
chồng tao mà nói thế tao lại vả vỡ con mẹ nó mồm :)),NEGATIVE
per 1 lần chơi lớn xem em có trầm trồ,NEUTRAL
ủa mắc gì gỡ fan cứng của em ? huhu,NEGATIVE
"quỳ rồi chết ông chết bà chúng mày à ? tao hồi xưa đi học còn ăn cây như cơm bữa , véo tai mỗi ngày ? dume học thì ngu phá thì giỏi bắt quỳ là nhẹ rồi ở đó mà gáy con cặc",NEGATIVE
per wow,POSITIVE
có đồng nghiệp đáng yêuc thì sếp có khó tánh mình vẫn cảm thấy vui rất nhiều . nhớ những ngày tháng đéo thèm tăng ca đi ăn bất chấp,POSITIVE
"hòi nhỏ nhà ngoại bị rượt muốn chết , sợ tới giờ 😭😭",NEGATIVE
per lên lịch hẹn hò nhanh,POSITIVE
hồi đó khoái cái này lắm,POSITIVE
ơ cưng < 3 < 3,POSITIVE
ngưỡng mộ quá đi ạ . chúc 2 ac mãi mãi hạnh phúc như này nha :))),POSITIVE
có cái ảnh tỉ năm trước cứ đăng đăng con cặc . đéo thấy nhàm à . nghĩ thôi thấy bất hạnh vãi .,NEGATIVE
"chuẩn đó , mà quên chưa có người yêu",POSITIVE
lại mưa 😞,NEGATIVE
per tao tán sấp mặt,NEGATIVE
"trời mẹ phim gì vậy thớt ơi , cười ná thở",POSITIVE
"má , 1 ngày tao ho 3 4 lần . tao có nên dừng ho lại không mày",NEUTRAL
mẹ bế đứa nào thì là mẹ của đứa đó nhé,NEUTRAL
ghét mấy cái thể loại này . toàn lũ hãm,NEGATIVE
ông thần tài cũng không dám ăn luôn,NEGATIVE
nhìn đáng yêu vãi :))),POSITIVE
"những người trẻ với tấm lòng nhân hậu , các bạn thật đáng yêu .",POSITIVE
chồng tao mà nói thế tao lại vả vỡ con mẹ nó mồm :)),NEGATIVE
dạo này cứ đổ vỡ nhây nhớp là hấp dẫn cư dân mạng à :)) tao thấy đéo đến mức buồn quá,NEGATIVE
"bạn bè thì nó hỏi han , hay nhắn tin thôi .. hồi trước hay ảo tưởng lắm , nhưng giờ lớn nên hết trẻ trâu rồi 🤣",NEUTRAL
per chiều anh bắn chưởng để em quay nhé,NEUTRAL
"tuyệt vời , chỉ cần họ thấy vui và hạnh phúc",POSITIVE
một bài dịch hay,POSITIVE
sẽ gây sự chú ý . cố tình xuất hiện trước mặt nhưng giả vờ như không quan tâm 😚,NEUTRAL
thôi có gì đâu mà cãi,NEUTRAL
chết luôn .. tình yêu không phân biệt . giới tính .. tình yêu ơi là tình yêu .. tao đau khổ vì mày lắm rồi ...,NEGATIVE
"trên phim thôi . ngoài đời thì đứa con gái uống xong ngất luôn , hôm sau thì bị bán mẹ sang trung quốc",NEUTRAL
t tưởng nó nói tiếng việt chứ,NEUTRAL
per ta nguyện nằm im,NEUTRAL
"đúng là tuổi tác nó không chứng minh được gì cả , già rồi ăn nói không văn hoá cử chỉ hành động tục tĩu hết nói nỗi",NEGATIVE
bài này tao có 2 cảm xúc . đầu tiên về quán trà . đến cảm xúc quen lại c thy xong bị mẹ cấm :)),NEUTRAL
huhu đéo muốn đi học đâu,NEGATIVE
"xe đỗ ngay giữa cửa hàng và cửa nhà bạn luôn , khách lên và xuống không được thoải mái và hơn nữa là vào hát karaoke thì theo bạn sẽ là mấy tiếng mới ra ?",NEGATIVE
sến đụ dễ sợ 😑,NEGATIVE
đúng là ổng có vợ rồi có khác . không cần lấy áo làm tóc nữa mà có hẳn váy để mặc rồi 😂😂😂😂,POSITIVE
cố gắng đi gần người ta 1 xíu . rồi lướt qua nhau như 1 cơn gió,NEUTRAL
phim ấn độ duy nhất tao xem mà không cảm thấy vật lý logic quá khó hiểu dù thật ra trong phim này nhiều kiến thức hại não thật ; )),POSITIVE
😂😂😂 nhìn và đợi chúng nó chia tay,NEUTRAL
loz chúng nó là 1 đội . chứ dám chêu người lạ . dm bố mày sút không trượt phát lào,NEGATIVE
clm đêm rồi tha cho tao 🙂 tao đéo muốn chạy xuống dưới nhà hoặc là nhịn đến sáng mai đâu 🙂 con gì thì con kệ mẹ 🙂 đừng nhắc đến nhện 🙂,NEGATIVE
sao nó tìm được nhỉ 🤔,POSITIVE
rất có tố chất . liên đoàn xe đạp việt nam có thể liên hệ để đào tạo được đấy,POSITIVE
đây là đâu ? cái này là như nào thế ??,NEUTRAL
"bếp dầu , nhiều nhà vẫn dùng",NEUTRAL
cắt tóc xong rùi gội đầu xong tóc còn ướt ý nhìn đẹp trai lắm luôn ý,POSITIVE
1 chút vị cay pha thêm 1 chút vị đắng nhưng đôi khi cũng có chút ngọt ngào,NEUTRAL
per lúc xưa toàn nấu bằng bếp nay,NEUTRAL
bạn có bố thật hạnh phúc,POSITIVE
tây cũng lầy phết,POSITIVE
"chồng biết không , hihi",POSITIVE
1 bạt tai 2 đạp chứ ở đó bướng,NEGATIVE
nó bỏ mình đi rồi mỗi lần nghĩ tới nó ôi sao mà xót tim gan hơn mất người yêu,NEGATIVE
đây chính là lý do tao giảm cân toàn thất bại,NEGATIVE
bức ảnh xuất sắc ❤️,POSITIVE
bà mẹ nó giật mình,NEGATIVE
cho ngay cốc bia vào mặt . nhố nhăng,NEGATIVE
chỉ tại tôi không nói nên không còn cơ hội,NEGATIVE
đọc xong nước mắt ứa ra,NEGATIVE
"gấu của thằng da đen ngon vkl , mà công nhận chạy nhanh vãi",POSITIVE
ok mà cần gì cứ cắt chất lượng lại thôi vẫn bán giá vậy,NEUTRAL
sợ thế,NEGATIVE
phải cho mấy con sán lợn này vào đĩa rồi mời mấy ông bà đấy ăn xem mấy ông bà đấy thế nào .,NEGATIVE
"đm 3 tiếng đi được 20m , đéo biết bao giờ mới về đến nhà",NEGATIVE
nhà tao nhận coi giữ xe nha :3,POSITIVE
":)))) cuộc sống mà . ngày càng thấy bản thân quá nhạt và "" duyên "" :v",NEGATIVE
tại thợ hàn bất cẩn chăng ...,NEUTRAL
per bữa nào làm thử mày,NEUTRAL
hôm ấy tao chân ướt chân ráo từ quận 6 lên quận 3 cũng rẽ trái đoạn ntmk và cmt8 . mất 3 lít :( khôn hẳn ra,NEGATIVE
lúc bé mình rất sợ,NEGATIVE
wow vừa vẽ đẹp lại còn biết sáng tạo :)),POSITIVE
"đừng nên thích mấy ông anh cơ bắp , sợ lắm 😆",NEGATIVE
trốn cũng đéo tha,NEGATIVE
nhớ lại mỗi lần thay tim .. 😂,NEUTRAL
cũng đừng nghĩ là những người ân cần nhẹ nhàng với mày là tốt . xã hội bây giờ không tin bố con thằng nào được,NEUTRAL
21 năm chưa crush ai thì có gọi là ế thâm niêm không hả các bác,NEGATIVE
theo tao thì mày nên chọn thằg nhiều tiền . đến năm cuối thì mày quay lại chọn với thằg nhiều tiền học bổg . m hỏi vậy là mày được lựa chọn mà . đấy là cách tốt nhất cho người hám tiền như mày,NEUTRAL
từ đầu năm giờ chắc chụp 10 lần rồi huhu sợ quá 😭😭😭,NEGATIVE
người ta có bạn bè nhìn vui thật,NEGATIVE
"tao cảnh cáo , page mà đăng mấy video kiểu ngôn lù thế này tao unlike , trả per trả cụ lầy , trả anh thai cho tao",NEGATIVE
"và bức tường , khung lan can , cây cối y nguyên sau ngần ấy năm ư ? 😜",POSITIVE
per dẹp hết . không có bán mua quần què gì nữa hết,NEGATIVE
t thích nhìn mắt của crush hơn là nhìn nó cười,POSITIVE
phim kinh dị vào cái trời âm u 😒,NEGATIVE
khi bạn bất cần vãi đời ... làm việc xấu mà cảm thấy thanh thản vãi 😁,POSITIVE
"dume tao từ giờ sẽ bỏ thích cái page này huhu , nghiệp mà",NEGATIVE
ngoài mấy cảnh nhảy múa hát hò vớ vẩn ra thì phim hay,POSITIVE
đm thằng nào đổi gậy như ý của tao rồi,NEGATIVE
per tao thấy tao trong đó ahahahaha,POSITIVE
mua mà không được phát tán virut bán ra chợ đen thì mua để mà tế ah .,NEGATIVE
nhìn đôi bàn tay đã biết phải lao động rồi . chị có lấy trai việt không :)),POSITIVE
uầy các cụ ngày xưa đẹp trai xinh gái thế,POSITIVE
"rẻ nhỉ , sao có thể giảm tới mức đó vậy ta",POSITIVE
đen thôi đỏ vẫn thế,NEUTRAL
sang năm nữa vác giường ra mà nhìn,NEUTRAL
bố mày ngứa mắt lắm rồi đấy,NEGATIVE
bữa cơm trưa nay tăm tối như cái ava của tao vầy :((((((,NEGATIVE
ở miền nam nó vẫn không được giá như trước nhưng cũng dư giả,NEUTRAL
thằng nào con nào nuôi ác quá z,NEGATIVE
chủ tịch giả vờ cầm cây củi mục múa vỏ và cái kết !,POSITIVE
"ông sống trên vũ trụ , vợ ông sống ở trái đất , ông cao thêm 5cm là chuyện bthg 😂",POSITIVE
việt nam học tây chỗ này đây trách gì giờ toàn cô trò rủ nhau vào nhà nghỉ,NEGATIVE
"per bắt được chắc nó mềm xương , chơi mất dạy 😔😔",NEGATIVE
phát hiện mới !!!,POSITIVE
ai biết bài nhạc đoạn này không ?,NEUTRAL
"hôm nay ai có vàng bán hết đi , tuần sau mua lại , lời vãi .",POSITIVE
"tao cũng vậy , mấy cái thiệp chúc noel thời cấp 2 trẻ trâu của lũ bạn vẫn còn nguyên xi",NEUTRAL
per . ủa sao giống răng anh vậy,POSITIVE
gửi đứa nào chưa có người yêu,NEUTRAL
mặt hài vãi chưởng =)))),POSITIVE
nuôi con chó mà để ve thế không thấy tởm nhỉ ?,NEGATIVE
"khiếu nại cái gì khi cả bọn nó bao che cho nhau làm lớn thì sợ ảnh hưởng tới bộ giáo dục cho lên chúng sẽ ?,",NEGATIVE
khi đủ trưởng thành và kinh tế . cơ mà nhỡ bác sĩ bảo cưới thì cũng phải cưới thôi 😂,POSITIVE
cái video đầu làm hết hồn per per,NEGATIVE
hú hồn chim én :)),NEGATIVE
tình hình này tháng sau cũng đi tập gym mất,NEUTRAL
tao đang xem cái gì vậy,NEUTRAL
mình hỏi rồi mà họ nữa muốn bán nữa không bạn để hôm sau lên hỏi lại lần nữa,NEUTRAL
ngáo như con cáo rồi ????,NEUTRAL
chi phí kiểm toán và thuê người tổ chức hòa giải chia chác thôi,NEUTRAL
đéo bao giờ luôn :),NEGATIVE
đó là mày chưa nhận ra việc mày yêu tiền như thế nào và muốn kiếm tiền nhiều bao nhiêu ?,NEUTRAL
buồn cho số phận 😢,NEGATIVE
ám ảnh thật sự,NEGATIVE
"3 idiots , bộ phim rất đáng xem",POSITIVE
thế thì bắt con phụ nữ chứ bắt gì thằng đâm . con đấy mới là nguồn của vụ án,NEGATIVE
biết bao khó khăn mới được vậy,NEUTRAL
"chuẩn rồi . nhiều khi mệt muốn xỉu , xong đồng nghiệp đùa nhau đôi ba câu hay kể cho nhau vài câu chuyện thế là lại vui trở lại 😂😂😂 đồng nghiệp quan trọng thật sự",POSITIVE
"đm tao quăng bể mẹ nó cái màn hình , chó admin - _ -",NEGATIVE
per wow,POSITIVE
trong luật có khung hình phạt xử bắn không ... ghê tởm,NEGATIVE
vl thánh nào ghép nhạc lầy vãi,NEUTRAL
"t đề nghị tụi mày trả cái đĩa bay cho con bé đi nghe , tới ca mà vào điều tra thì tụi mày mệt :))",NEUTRAL
cho về hết chứ cứ lương không mà không làm thêm gì mà có nhà lầu xe hơi thì lấy ở đâu ???????? không phải đùn đẩy .... cho về hết bọn nó mới hết không tìm ra nguyên nhân .... không có sao phụ huynh dám nói ....,NEGATIVE
không cho giáo viên cái quyền gì thì lấy gì mà dạy nhất là thời buổi lố lăng như bây giờ ... nó quỳ lúc nhỏ khi nó sai còn sửa được đợi lớn lên thì bố mẹ quỳ nhìn nó vào nhà đá,NEGATIVE
vẫn xinh phết nhỉ ??,POSITIVE
"trung thu là ngày cho trẻ em chứ đéo phải ngày tạo ra trẻ em nhé . dume bọn có gấu tém tém lại , kiểm tra xem có thêm cái sừng nào không ?",NEGATIVE
hồi sinh viên mình dùng cái này đó,NEUTRAL
cay đắng ngọt bùi . nhưng cay đắng thì thường nhiều hơn =)),NEUTRAL
em ấy còn viết đẹp hơn mình luôn á,POSITIVE
phim này rất hay . tình cảm nhẹ nhàng . toàn zai đẹp . hehe,POSITIVE
1 năm không biết bao nhiêu lần x - quang :(,NEGATIVE
ngáo ... là có thật luôn này,POSITIVE
"nó sẽ ra cái ốp , lo gì thiếu đồ chơi",NEUTRAL
"quan trọng là lòng tin , bạn bè mình một số người mình đã mất lòng tin thì đừng bao giờ nói chuyện tiền nong . khâm phục anh",POSITIVE
nhận khách tàu nhanh ai muốn không nè,NEUTRAL
per đến con nít chúng ta cũng không bằng là sao ......... tuổi thơ và tuổi thanh xuân nợ chúng ta quá nhiều thứ rồi 😭😭😭😭,NEGATIVE
má :))) đoạn đeo mặt nạ kinh dị vkl :)),NEGATIVE
thời buổi này là thằng con trai trước hết phải có khả năng kinh tế phải nuôi được bố mẹ rồi hãy tính đến chuyện kết hôn,NEUTRAL
bao năm giải phóng như thế này phải không anh,NEUTRAL
khoảnh khắc mày nhận ra mày còn đéo bằng 1 thằg nhóc còn trong bụng mẹ :((,NEGATIVE
add cứ khoe đi . mai lại chặt hết như nguyễn trãi mà 😂😂😂,POSITIVE
thật ý nghĩa và hạnh phục cho 2 người họ . nhưng đâu đó trong tao vẫn thấy cái gì đó nó tởm lợn vê lờ 🤔🤔🤔,NEGATIVE
làm ở đâu cũng vậy cũng có đầy rẫy những khó khăn nhưng trọng hơn là làm cùng những đồng nghiệp như thế nào,NEUTRAL
nó đòi mượn áo thôi mà . thằng này kỳ ...,NEGATIVE
"giờ mà quay lại cái thời đi học , tao thề không ngoan nữa mà sẽ bỏ học đi chơi vài bữa",NEUTRAL
thành công là cách trả thù xã hội ngọt ngào nhất . đừng vì họ nói mà yếu lòng,NEUTRAL
và vui mừng hơn khi biết tin chị vợ ở nhà vừa sinh hạ em bé được 1 tuần,POSITIVE
bếp dầu vặn tim rồi chăm lửa nó mới cháy nha chỉ cho mấy đứa không bit sài,NEUTRAL
chắc sổ đỏ có cả vỉa hè và đường :)),NEUTRAL
"toan cao lại nữa , tao dg suy nghĩ có nên đi bằng grap về không",NEUTRAL
"ngày xưa đi học gần trường có bày ngỗng , hôm nào nó cũng cà khía rượt tụi học sinh chạy sấp mặt luôn",NEGATIVE
"nó dựng lên nó quay đấy , nghe giọng thằng quay như giọng 2 con bede hôm bữa đánh nhau ở quán nước",NEGATIVE
"đang tính đi nhổ răng khôn ( à quên , nó ngu chứ khôn đéo gì ..) nghe được cảnh báo này chắc không dám đi nhổ luôn .",NEGATIVE
ác đến vậy là cùng,NEGATIVE
mới ra mà nắm bắt nhanh thế,NEUTRAL
dễ thương vậy chời,POSITIVE
bán hàng onl riết bán luôn não rồi 😂😂,NEGATIVE
chắc làm theo yêu cầu,NEUTRAL
mày ăn cứt hay sao ngu thế hả,NEGATIVE
đấm cho liên tục vào mồm đéo trượt phát lòn nào cả =)),NEUTRAL
xem phim cười gần chết . mà thích cái bạn ma nữ hơn là na bong,POSITIVE
toàn mấy con bán hàng online đăng để cau view thôi phạt nặng vào,NEGATIVE
thề dume đứa nào nghĩ ra cái đoạn kết như kiểu hết phim như này nhàm vãi ra . đang hay thì tụt hứng,NEGATIVE
nhanh thật . đã bắt được rồi,POSITIVE
"tự nhiên chơi với con trai cái bị kêu không đàng quàng , con gái gì kỳ vậy , lại còn nhiều bồ , đi với ai cũng nghĩ là bồ . mệt thiệt chứ",NEGATIVE
hỡi thế gian tình ái là chi mà đôi lứa nguyện thề sống chết ? 😁😁,NEUTRAL
"khiếu nại cái gì khi cả bọn nó bao che cho nhau làm lớn thì sợ ảnh hưởng tới bộ giáo dục cho lên chúng sẽ ?,",NEGATIVE
ngoài ra thì nó còn bị mang tiếng là thả thính cả xã hội nữa,NEUTRAL
giọng chú hơi bị dễ thương nhá :)),POSITIVE
"chắc tại từ nhỏ tới lớn mình "" man "" quá nên không gặp được gã nào ga lăng dư này :(",NEGATIVE
nguyên nhân là gì vậy ??,NEUTRAL
lại là bà hàng xóm 😒,NEGATIVE
per móc lên tới não :)),NEGATIVE
hihi ảo tưởng,POSITIVE
xem lại quá nhiều lần đến nỗi không nhớ nổi . vì phim quá hay và ý nghĩa .,POSITIVE
hẳn lớp đó nhiều nữ lắm ha,NEUTRAL
cho hỏi ngu tí là tiền bồi thươ ̀ người mấy vụ án oan lấy ra từ đâu vậy ??,POSITIVE
1 lần chơi lớn xem thế giới có trầm trồ ??,POSITIVE
cô ấy còn không thèm coi tin nhắn của tao :((,NEGATIVE
ám ảnh đến bây giờ 24 tuổi vẫn sợ ngỗng :))),NEGATIVE
"per hồi nhỏ bị con đỉ này dí lòi lol 😂, bị cắn bầm đen muốn thúi thịt luôn cả tháng hơn mới hết . mà đươ ̣ c cái con này nuôi nó giữ nhà cửa hay , có nó không sợ ma quỷ gì hết",NEGATIVE
vì tiền mà làm đau làm khổ người khác như thế này sao 😔,NEGATIVE
"đi viện mà tưng tưng ăn uống được là tốt rồi , mừng mày sớm ra viện nhé cô",POSITIVE
nóng tính quá hỏng viẹc - trẻ em rất thích ngọt mình nên nhẹ nhàng cương quyết mới được,NEUTRAL
"tao sợ chó lắm .""",NEGATIVE
per đúng là như thế,NEUTRAL
dkm bọn này thất đức thật,NEGATIVE
công nhận sáng tạo thật đấy,POSITIVE
mấy ai hiểu được ý nghĩa mà cứ chửi như đúng rồi :)))),NEGATIVE
per c . bị tinh thần đi xem đi 👻,POSITIVE
tao . dân đaklak nhưng lần đầu tiên nghe chuyện này ....,POSITIVE
bà mẹ tháng cô hồn nghèo rớt mồng tơi mà cứ chiếu phim tiền đâu mà coi trời oi là troi,NEGATIVE
vừa đây về đông kinh hồn càng về đêm càng đông,NEGATIVE
nhìn mà nổi hết da gà,NEGATIVE
đây mới là công an của nhân dân việt nam cảm ơn bạn nhiều điều tốt đẹp hơn nhé vanew,POSITIVE
"đi chơi gặp 3 con mất dậy này vừa bị dí vừa bị cạp đít đau không chịu được sau phải nhảy lên cây để trốn , giờ gặp là sợ 😭😭",NEGATIVE
mình đã về đến nhà an toàn hihi,POSITIVE
nhiều lúc lắm câu hỏi ngớ ngẩn thật,NEGATIVE
per cản tao không tao chửi thề,NEGATIVE
t coi đi coi lại mấy lần để xác định con nhện nó phóng qua tới cái điện thoại hay là nghệ thuật )))),NEUTRAL
mẹ còn không trị được thì ai trị 😌,NEUTRAL
thế đéo nào lại ra được nhỉ ??,POSITIVE
tao hiểu rất rõ cảm giác của em ấy ....,NEGATIVE
khoảnh khắc nhận ra đồng nghiệp mình is the best :)) nguyễn ngọc thái hiền,POSITIVE
dm kiện cho đi tù chết mẹ đi,NEGATIVE
phố mày co ́ đô ̀ người nghiê ̣ p tô ́ tao ghê :))),NEUTRAL
giỡn ngu kiểu đó người ta bị tim giật mình chết rồi sao . giỡn với mình kiểu đó mình đánh cho vỡ mồm luôn,NEGATIVE
gặp em đúng lúc nhưng sao anh vẫn thấy mình cô đơn quá .,NEGATIVE
kích thích vãi,POSITIVE
bởi vậy không nên bình luận trên facebook làm gì . nhìu đứa nó nhây cãi lộn mệt người .,NEGATIVE
per kinh dị thấy mệ luôn nè,NEGATIVE
anh thích em rồi đấy 😂,POSITIVE
bắt võng nằm cho sướng,POSITIVE
"nếu nói chị thảo tham thì chưa thoả đáng , vì ngay cả con chị cũng được niêm yết , định giá để “ chia chác ” ý kiến cá nhân mình , chỉ chia phần của chị và phần % của những người con sẽ được nhận vào 18 tuổi",NEGATIVE
đẹp trai mà bị đá à,POSITIVE
thế mày nằm viện nào tao vào thăm luôn cho động lực,NEUTRAL
nhìn rợn vãi,NEGATIVE
có tiền mua cả cây nhỉ,POSITIVE
dm đã mải đạp xe rồi còn hỏi hoi cái lol gì vậy ????,NEGATIVE
mình không quan tâm giá trị học bổng bao nhiêu . mà tớ q . tâm em đó sẽ dành những gì cho đất nước sau khi học xong thôi . hee . chúc mừng em .,POSITIVE
cái loại ngu si này nên nhốt nó tù chung thân lao động công ích cho nhà tù để giúp ích lại những cái nó đã phá hoại,NEGATIVE
t nghĩ thằng châu phi kia nó rất nhiều tiền,NEUTRAL
đoạn 3 móc cái dt nhanh vliz,POSITIVE
per võ công thâm hậu quá,POSITIVE
"ngày xưa tự dưng mình được tận 8 , 75 ư =))))",POSITIVE
"cái công ty thực phẩm cung cấp cho các trường mầm non thật quá độc ác . vì lợi ích cá nhân mà ảnh hưởng khủng khiếp tới các em . quá dã man . các người gây nên hoạ thì mai này đời con đời cháu sẽ phải gánh nghiệp đó thôi . gieo nhân nào gặt quả ấy , đừng tưởng bây giờ sống nhé nhỉ thế là không sao . đời còn dài lắm",NEUTRAL
chuột mà làm như người vậy .. ít hôm nó gặm cả rắn cả dây thì thấy mẹ ..,NEGATIVE
ko có biển cấm dừng đỗ nhưng đỗ thò đầu ở ngã 3 kia là rất bố láo .,NEGATIVE
chuột mà làm như người vậy .. ít hôm nó gặm cả rắn cả dây thì thấy mẹ ..,NEGATIVE
mỗi lần chạy xe ngang kv bình chánh là cảm thấy sợ,NEGATIVE
mày cút,NEGATIVE
thử đụng vô tao coi dume mấy thằng lol cặn bã,NEGATIVE
có tiền mua cả cây nhỉ,POSITIVE
thằng lồn nào chế ra cái này tao nghĩ nó hơi bị thiêu muối đấy nhạt vãi lol ra,NEGATIVE
per mày phải thấy may mắn khi cuộc đời mày được gặp tao :))),POSITIVE
còn người yêu tao : một hơi có một anh đẹp trai bay lơ lửng rồi ôm lấy em khi em tắm :(((,POSITIVE
thương vlll,POSITIVE
đúng rồi con gái là vậy mà kkk,POSITIVE
sư tử chứ dễ thương q . q gì,NEGATIVE
chúc mừng,POSITIVE
tự nhiên mình lại không muốn làm single mum nữa -.-,NEGATIVE
sợ quá đi,NEGATIVE
"per làm ở đâu không quan trọng , quan trọng là vẫn buôn chuyện đều 😂😂😂",POSITIVE
đầu óc đến giờ vẫn còn nặng và đang né tránh mọi người .,NEGATIVE
hú hồn,NEGATIVE
câu chuyện vui ha =]],POSITIVE
đái mẹ ra quần,NEGATIVE
vậy cũng được luôn hả ? 😄,POSITIVE
ở chỗ khác chắc gì có đứa béo như mình !,POSITIVE
đm mẹ bạn thân,NEGATIVE
😑 sao cái kết gì mà buồn vậy,NEGATIVE
bà chủ tịch giả mang thai và cái kết,NEUTRAL
nhìn là thấy nóng rồi,NEUTRAL
"gấu của thằng da đen ngon vkl , mà công nhận chạy nhanh vãi",POSITIVE
cay cái ông chụp ảnh chụp góc nào cho ông ý bớt khổ đi được không,NEGATIVE
"có ai nhìn thấy giun đang bò trong ảnh không , sợ vãi",NEGATIVE
thật ra là nó muốn kiếm em gái anh trai mưa đấy,NEUTRAL
dm chúng mày bị bệnh à kiện chết con mẹ mấy thằng ấu dâm bệnh hoạn này đi,NEGATIVE
đỉnh của đỉnh 🙂,POSITIVE
giống tao nhưng tay trái tao có thẹo do mẹ tao xưa cắt trúng nên nhìn thẹo để phân biệt thôi chứ kêu phải ứng liền là không được,NEUTRAL
chú lên thay được rồi đấy,NEUTRAL
cho chúng vào nhà đá ! quá độc ác không giết người bằng súng như thế này là giết hàng loat đấy thât khốn nạn,NEGATIVE
ở việt nam mà vác dao rạch tại chỗ thể này người nhà nó chả đấm cho sưng mõm rồi 🌝,NEGATIVE
thật buồn khi mình thịt vợ thang khác mà thằng khác thịt vợ tưong lai mình,NEGATIVE
năm nay con bao nhiêu tuổi rồi ? =)),NEUTRAL
giờ thì hiểu sao giáo dục liên tục dính phốt rồi hén .,NEGATIVE
"từ hành động và lời nói của tụi nhỏ này không biết nên trách ai bây giờ ,, thối nát một thế hệ",NEGATIVE
đcm hả hê cái lol gì chuyện này cơ chứ,NEGATIVE
bình luận gì ông này diễn trò ngày nào đi qua khoảng hơn bốn giờ chiều là gặp,NEGATIVE
thoa kem chống nắng như người ...,NEUTRAL
làm tao liên tưởng đển phượng hoàng cổ trấn :))),POSITIVE
chưa bao giờ còn yêu nhiều hơn thế 😍😍 bởi cha mẹ cho tôi tất cả,POSITIVE
đây là hội à mày ? làm tao phải lên gg tra sao lại đông người thế :)),POSITIVE
đụ con đĩ mẹ hôm nọ đang ngủ thằng lol nào hét ầm ầm . mày về nà hét cha hét mẹ mày chớ ngủ không yên,NEGATIVE
giống tao thế nhỉ ! 😑😑,POSITIVE
per bố mày nhắn tin rồi cái con cặc gì mày cũng cho thằng em mày xem,NEGATIVE
phê thật . cái tai nó đang thâm đen xì lấy ra hết lại trắng hồng luôn,POSITIVE
smart phone thành cục gạch là có thật luôn hả ??,POSITIVE
cậu bạn mẫu giáo năm ấy chép bài cho tao để tao khỏi bị thẻ tay giờ đang nơi đâu ???,NEGATIVE
có quá nhiều lựa chọn trong một tháng,NEUTRAL
tao đây chứ còn ai,NEUTRAL
"lớp 2 xí mót được cái chong chóng , bán lại cho thằng hàng xóm 500d .",POSITIVE
xem 1 lần rồi thôi !!,NEUTRAL
t nói té 1 cái không dập mề thua gì cũg thua ..,NEGATIVE
và sếp tốt có thể giúp ta vui vẻ từ sáng thứ hai cho đến tối chủ nhật 😀,POSITIVE
dume nghe kể mà đau cổ họng vãi :),NEGATIVE
bất ngờ thiệt :)))),POSITIVE
làm sao mặc áo được ta 😂😂,POSITIVE
mỗi lần về quê mà sắp sửa đi qua chuồng ngỗng tao phải cầm cây chổi lông gà mới đi được đấy dume . quơ quơ vòng vòng cho mấy đĩ ngỗng né xa ra rồi chạy thụt lol luôn :=]]]],NEGATIVE
đấy mới là điều càn đó . huhu,NEGATIVE
có lúc ngồi một mình mà cảm thấy lạc lõng lắm các cậu ak,NEGATIVE
đẹp trai quá,POSITIVE
ngày cuối cùng thực sự buồn,NEGATIVE
lm ngày có trăm ngàn thôi mà dọn lòi lol vãi vả cức haizx thật,NEGATIVE
"ở mình bà đéo ông đéo nào cũng muốn dậy đưa giỏi , đứa ngu hay nghịch tý là ông bà ý làm ầm lên .",NEGATIVE
cái mặt cưng xĩu,POSITIVE
dưới cái nóng 40 độ ngày hôm này xem video này xong thất mát lòng vãi_chưởng :)),POSITIVE
con gái hiện giờ .. nấu kiểu này thì thôi xong ... cháy luôn cả nhà 😂,NEUTRAL
má tự dưng bị đánh vào đầu :(,NEGATIVE
óc chó đi dậy đời,NEGATIVE
bên aeon hay thật đấy =))))),POSITIVE
"gặp cái này "" sun "" mẹ nó vào ... :))",NEGATIVE
hỏi nhiều nó lại cho vào đối tượng truy nã 😏,NEUTRAL
k nuôi thì cho người muốn nuôi đi chứ để em nó bọ ve tùm lum sót quá ????,NEGATIVE
per cho vợ đi cầu này để giảm cân nhá 🤣🤣,POSITIVE
vớ vẩn thặc ! marketing cũng có dăm bảy loại và tùy lĩnh vực . dăm ba cái này đăng mà không đọc à,NEGATIVE
ngày xưa cũng như này trong lúc mối quan hệ bắt đầu nhạt :) haiz,NEGATIVE
"vợ người ta chưa bao giờ làm tôi thất vọng , còn vợ tôi thì ..... đi hết 1 / 3 cuộc đời rồi vẫn chưa tìm thấy 😓",NEGATIVE
đây là video hay và ý nghĩa 😊,POSITIVE
nghe như hát trầu văn,NEGATIVE
thời xưa yêu nhau đến chết vẫn yêu ... thời nay yêu không biết chết lúc nào 🤣 cuộc sống nay đáng sợ lắm 🤪,NEGATIVE
"tao cứ nhìn xong nghĩ , tay nào cầm bút là tay phải ,",NEUTRAL
vâng chú ah haha,POSITIVE
tàn nhang là xác định nhá ??????,NEUTRAL
bô ̣ phim khiến bọn sinh viên có lí do để lười học theo li ́ thuyết là đây 😆,POSITIVE
thật tuyệt vời !,POSITIVE
đã bị đuổi 1 lần . đéo lgi cũng bị dí,NEGATIVE
tiền nhiều để làm gì ? để rồi lại chia ly,NEGATIVE
hóa ra là vậy à =)),POSITIVE
"mình thấy sợ mấy con rắn quá trời , mà cái gì mình sợ là mình hay muốn tiêu diệt -))",NEGATIVE
phát hiện nghi vấn đổ vỏ :)),NEUTRAL
sao nó tìm được nhỉ 🤔,POSITIVE
nhìn như nó muốn dẫn nhỏ đó đi đâu ấy,NEUTRAL
"khi theo đuổi sự ưu tú , sự thành công sẽ theo đuổi bạn",NEUTRAL
má như người yêu ??,POSITIVE
per dẹp hết . không có bán mua quần què gì nữa hết,NEGATIVE
dm ông cầm cam cho cẩn thận vào tôi cũng muốn ngã mẹ nó rồi này,NEGATIVE
hiểu lầm chút chút,NEUTRAL
khổ thân con mèo :((,NEGATIVE
"thời chúng ta , đồ hỏng thì mua mới còn thời ông bà , đồ hỏng thì đem đi sửa . đó là lý do vì sao tình yêu của họ luôn bền lâu ....",NEUTRAL
"nói mưa là mưa v chời , tôi còn đi chơi đi học nữa mừ .",NEGATIVE
vì đồng tiền mà chúng mày giết bao nhiêu gia đình . chúng mày ăn những đồng tiền đấy mà chúng mày cũng nuốt trôi được à . bọn khốn nạn,NEGATIVE
cười như cục cức trôi sông lạc chợ 😏😏👌,NEGATIVE
tao tưởng tới đoạn per tuyên bố hôn nụ hôn chia tay chứ … ai ngờ kết quả lại khác bây,POSITIVE
"ai ở gần đó xin hãy giúp chú , thương chú",NEGATIVE
có chuyện gì thê bố . bố đừng làm con sợ :((,NEGATIVE
hút cần xong đúng là đời toàn màu hồng em nhỉ . nói chậm vãi :)))),NEGATIVE
2 tên sủa giống nhau đêm đêm thì rủ nhau hú ??,NEUTRAL
tao đang đi phân khối lớn đây . ai cũng kêu nhìn cá tính vãi 😁,POSITIVE
per kkkk,POSITIVE
"cấp 1 hiền lành ít nói , ngồi gần 1 cô bé cái gì cũng nhường cô ấy , nhường đến mức nhường luôn tập sách , để bà già phải dẫn ra nhà nó lấy lại ! 😂😂😂",POSITIVE
sao nỡ lòng nào khiển trách bác ấy . còn họp kiểm điểm nữa . tội quá .,NEGATIVE
"thôi , không tranh luận với các ông . thế đi đường gặp thằng nào đỗ thế này cả nửa ngày , mà tắc đường và gọi nó không được , các ông đừng há mồm ra dume nó nhé . vì nó đúng mà",NEGATIVE
"động lực là tình yêu , gia đình là nơi để về hihi",POSITIVE
"thao trường đổ mồ hôi để chiến trường đỡ đổ máu , ý thức từ bé đi 🙂",NEUTRAL
ai muốn đi thái hè này với tôiii nào cũng chim ưng phết đấyy :))),POSITIVE
"per huhu đúng quá nè :< sư phụ đi rồi , còn per thôi , đừng đi đâu nữa nhaaa 😢",NEGATIVE
😔😔 hành động nhỏ v thôi thì cũng ấm lòng rồi ... nói thôi cũng vuii rồi ... 😝😝,POSITIVE
chủ yếu là bọn trẻ đú với bọn dân trí thấp mà thích thể hiện bác nhỉ,NEGATIVE
xiên chết cụ nó đi,NEGATIVE
nhưng nó lại đéo thích :>,NEUTRAL
cái nệm này độ đàn hồi đỉnh ghê,POSITIVE
mịa thằng ghép nhạc :)))),NEGATIVE
má tao coi mà cứ sợ nó bay ra 😌😌,NEGATIVE
tuổi thơ tôi bị ám ảnh mấy con ngỗng này . mấy con màu xám cứ mỗi lần đi học ngang qua ngõ nhà hàng xóm là nó đuổi . tao lại chạy thục mạng . cứ phải đắn đo mỗi lần qua đó xem có chúng nó không rồi ù chạy như ma đuổi . haizz tuổi thơ tôi ....,NEGATIVE
nổii da gà hic,NEGATIVE
bướng vừa vừa kiểu đáng yêu chứ mà lồng lộn thì thôi làm bà nội chứ yêu đương đéo gì,NEGATIVE
tụi nhỏ dễ thương quá,POSITIVE
vậy mới biến thành người nhện được,NEUTRAL
chủ thớt sao xinh gái thế =)),POSITIVE
"per bởi , đéo dám tán ai hay tỏ tình",NEGATIVE
trung thu là tết thiếu chi chả liên quan chi đến việc tao không có gấu,NEGATIVE
có vẻ như cái gì nước ngoài cũng to hơn nước ta 🙂,POSITIVE
chán mấy ông thanh niên .,NEGATIVE
hahaa coi cái mặt con nhỏ thấy thương,POSITIVE
điềm báo gì đây,NEGATIVE
lợi ích của việc không nghe lời vợ ??,NEUTRAL
mấy má đang có kinh rồi mặc áo đầm nhảy qua thì nhuộm đỏ 1 dòng sông cmnl 😳,NEGATIVE
thế cuối cùng có chống được chuột không,NEUTRAL
per lại nhặng lên à . cảm thấy trong sạch thì cần gì nhặng lên thế,NEGATIVE
một con cá chép đang bơi trong hồ mà đã tính chuyện đánh bại những con rồng vẫy vùng 5 châu !,NEGATIVE
per đưa anh nè không cần năn nỉ . chỉ cần em cởi hết đồ ra thôi . đúng không,POSITIVE
thằng chó chết mày quá dã ư,NEGATIVE
"hết cấp 3 , hết đại học và chỉ mới bắt đầu 1 cuộc chơi khác .",NEUTRAL
lấy củi chứ bao nhiêu rơm cho đủ,NEUTRAL
đề nghị admin xóa bài đi ạ . chứ bố mẹ em sắp đi chợ về rồi ạ :(((,NEGATIVE
per bố ơi bảo con rể làm thế đii :>,NEUTRAL
kinh vãi,NEGATIVE
gà này cho chó ăn mà . bọn mất dậy vì tiền nó giết chết dần chết mòn con nhà nghèo . địt bố bọn mắt dậy,NEGATIVE
tâm sự không đúng người ngoài việc họ cười vào mặt bạn,NEGATIVE
ngày nay bã đã thay cho thính :))),NEUTRAL
rất giỏi,POSITIVE
đoạn phim thôi mà ý nghĩa thế,POSITIVE
chỉ mới hỏi về người khác giới cái là bị gán là thích bạn đó luôn mí sợ :(,NEGATIVE
chắc đây là chuyện không có thật thôi . mình đọc qua cũng biết chắc chắn không thể là chữ trẻ con được,NEUTRAL
tao cute mà các mày,POSITIVE
:)) bật nhạc lên và quẩy thôi,POSITIVE
chuẩn rồi per dù mệt mỏi nhưng vẫn vui :))),NEUTRAL
vẫn là chính sách trên giấy tờ,NEUTRAL
một lũ ngu,NEGATIVE
thực ra ngoài mày nó còn quan tâm nhiều đứa nữa,NEUTRAL
lùi về sau 3 bước đi . ngứa cả con mắt,NEGATIVE
per về nhà mà thể hiện,NEGATIVE
đéo hề dễ thương khi nó cười với đứa khác :)),NEGATIVE
lùn lùn làm sao sống qua nổi những chuyến đi phiêu lưu như vậy,NEGATIVE
có thể là nó yêu mày :)),NEUTRAL
per sự tích con chim họa tao với mấy thắc mắc hồi trước nè,NEUTRAL
không nỡ bỏ đi mấy thứ linh tinh thời đi học,NEUTRAL
bọn chủ tịch đến chưa chúng mày ?,NEUTRAL
khi nào tao nhìn con xò lông bánh bèo mà tao không mắc ói . thì khi đó tao lấy,NEUTRAL
nhà thì như cái chuồng lợn còn bày đặt đắp mặt !,NEGATIVE
per kinh dị thấy mệ luôn nè,NEGATIVE
kinh khủng thật :((,NEGATIVE
per 2 ly trà sữa bạn làm rơi mà chưa thấy bồi thường lại mình 😞,NEGATIVE
hỏng cả một thế hệ 😔,NEGATIVE
cuộc sống mà,NEUTRAL
may không có ai trong nhà,NEUTRAL
tao sợ ma nên không dám coi lun,NEGATIVE
tao sẽ lấy hết tất cả các nick clone tao có phẫn nộ cái vid này 🙂,NEGATIVE
uiii xinh gái thế ...,POSITIVE
móng tay gì mà nhìn vừa bẩn vừa ghê,NEGATIVE
dume nghe kể mà đau cổ họng vãi :),NEGATIVE
sao mình gặp toàn thằng mất dạy hay bắt nạt mình nhỉ ? tuổi thơ bất hạnh :),NEGATIVE
cái gì vui vậy mọi người :)),POSITIVE
đụ con đĩ mẹ hôm nọ đang ngủ thằng lol nào hét ầm ầm . mày về nà hét cha hét mẹ mày chớ ngủ không yên,NEGATIVE
nói mẹ ngoài đời,NEGATIVE
per đây mí chính là cụ tổ của những chiếc sừng này,POSITIVE
chơi ngu vừa thôi mày,NEGATIVE
cái vị mà ai cũg muốn thử và mỗi người thử lại cảm nhận được một vị riêng,NEUTRAL
cách xử lý thông minh,POSITIVE
biết là đau lòng nhưng sao bản thân vẫn muốn biết nó,NEGATIVE
nắng cũng đã sắp tàn sao mà chả thấy em đâu ...,NEGATIVE
per sau này con bư lớn cũng vậy đó mẹ hahaa,POSITIVE
per bảo sao tao cứ muốn nghỉ việc . lm với cái tao sờ choét lắm,NEUTRAL
per cản tao không tao chửi thề,NEGATIVE
đỉ lol đè chết mẹ đi . hát cái lol,NEGATIVE
"chửi nhau , ghét nhau , nói xấu nhau dcm",NEGATIVE
gia đình ổn tình yêu không có thì cần gì động lực ... kaka,POSITIVE
"mấy con đĩ xạo lồn tao thấy mà tao tức á , chia bè phái ra làm rầm rầm rộ rộ",NEGATIVE
t nghĩ thợ chụp đéo có tâm bằng thợ make đăng và thợ photoshop đâu,NEGATIVE
ơ ̉ viê ̣ tao nam sao được như vâ ̣ y,NEUTRAL
đằng nào thì điều hòa vẫn bật mà .,NEUTRAL
lại được làm thêm quả nhà nữa . ngon,POSITIVE
ai mua thì bán không mua thì thâu 😂,NEUTRAL
"1 chút đắng , chút chua cay , với 1 chút ngọt ngào ở đâu đó 😞",NEGATIVE
khó có thể giải thích,NEUTRAL
per tiến cử bản thân nào,NEUTRAL
có ý định nhai hết hộp kẹo điểm danh đi 😌😌,NEUTRAL
làm nghề không có tâm 🙂,NEGATIVE
tao bắt đầu sợ nó ròi đấy :)) ám ảnh vãi,NEGATIVE
"ở nói chuyện ngoài hộ không khì thị về giới tính , họ cho được kết hôn . chứ họ không kì thị như ở việt nam mình hai người kia họ thật dũng cảm khi sống thật với giới tính của mình",POSITIVE
"ngu thế chờ cho mật ong ngấm xuống đất , rồi đào đất đấy lên chắt kiểu gì cũng được gần đầy :))",NEUTRAL
ủa rồi mắc gì phí cả 1 đời 🙂,POSITIVE
đẹp trai thật .,POSITIVE
"thời thanh xuân tôi từng yêu quý nét hiền thục của chị hiền mai . và đúng như cái tên hiền mai của chị , tên và tâm tính đều đẹp , hiếu thảo khó ai bằng . em xin chúc bác có thêm nhiều sức khoẻ để chị có được nhg tháng ngày hạnh phúc , ấm áp bên mẹ ạ .",POSITIVE
sừng mọc hồi nào không hay,NEUTRAL
"bị ngỗng mổ sợ vãi_chưởng , hồi bé tao đã không sang nhà b tao cả tuần trời vì nhà nó mới nuôi ngỗng mà bình thường tao toàn ăn chùa cơm nhà nó thiếu điều làm con nuôi nhà nó nữa thôi :))) nhắc lại mới thấy sợ vãi",NEGATIVE
các cô không chịu mở lòng thì sao chúng tôi lấy được ????? hả các cô gái,NEGATIVE
"giáo viên tiếng anh ở cấp thcs cực kì chán , phát âm sai bét , giao tiếp tiếng anh thì cứ ừ à .",NEUTRAL
"per tôn lợp nhà mà đẹo zai thế đấy , lại toàn 6 múi nữa chứ ...",POSITIVE
chưa chia tay nữa mà còn khó đây,NEUTRAL
có sáng tạo :)),POSITIVE
bao năm ăn học ở trg mà các vị làm vài vụ như thế nào 1 năm thì lại vui quá . vks ạ,NEUTRAL
tư ̀ hô ̀ i ba ̣ n â ́ y chuyê ̉ n trươ ̀ người thi ̀ chă ̉ người co ̀ n ai đô ́ i xư ̉ tô ́ tao vơ ́ i tao như vâ ̣ y nư ̃ anh . :(,NEGATIVE
chỉ cần nghĩ tới cảnh đó là máu kinh sôi trào như núi lửa 😂😂😂,NEGATIVE
thật là đáng sợ,NEGATIVE
ngưỡng mộ anh chị,POSITIVE
chả có gì vui 😏😏😏,NEGATIVE
các cháu giờ lợi hại quá :<,POSITIVE
mẹ nó chứ xem xong mình khóc hết cả nước mắt,NEGATIVE
phòng gì vậy .,NEUTRAL
đẹp quá 😆 vi diệu,POSITIVE
per coi phim này chắc chết luôn trong rạp,NEGATIVE
"hôm trước tao đi chơi về đường vắng nên chạy nhanh , vừa qua cua anh cảnh sát chạy ra chặn làm tao sợ chetme vì giấy tờ không có bằng lái thì chưa thi lại còn thiếu abcxyz",NEGATIVE
bình tĩnh vãi_chưởng =)),POSITIVE
:)) mọi người bị sao thế ??? thích chơi với mấy đứa như vầy nè :)) hài hước đi chung cười sấp mặt luôn =)))) nhây nhây vầy mới zui chớ ? tự nhiên chửi con nhỏ thấy tội nghiệp 😡,POSITIVE
chờ tý tao đi thay bỉm xíu tao quay lại .,NEGATIVE
đồ điên,NEGATIVE
đây là kiểu tự tay bóp dái nè,NEUTRAL
"má , sờ mông có cái mà táng bố ..??",NEGATIVE
năm nào mà tao chã cô đơn,NEGATIVE
như kiểu người yêu luôn ấy =))) nhẹ nhàng,POSITIVE
thả chó rông không rọ mõm cắn người là tội ác,NEGATIVE
hàng cổ rồi anh ơi,NEUTRAL
phim hay vãi ra . đến giờ vẫn thấy mình giống bạn ma nữ quá trời 😂😂😂,POSITIVE
người ghép có tâm 😁😁,POSITIVE
per nhìn na ná chữ mày =))),POSITIVE
thế em ăn cơm chưa ?,NEUTRAL
per phim này thấy trailer hấp dẫn ghê 😁,POSITIVE
chính xác ! nơi làm việc anh em mà đoàn kết với nhau cỡ nào cũng thấy mau hết giờ làm . 😊😊😊,POSITIVE
giờ lên phường người ta có phát chú rể không nhỉ các bạn ?,NEUTRAL
chắc tao đấm chết mẹ nó quá 😠😠,NEGATIVE
thật chứ thấy bạn nam kia cứu con chó không cần nhìn mặt cũng biết đẹp trai rồi 😆,POSITIVE
"trung thi thì liên quan mẹ gì đến việc có gấu , tao thà ngồi nhà cho khỏe để xem mấy thằng đó dắt vợ của thằng khác đi chơi !!",NEGATIVE
liên quan đéo gì . trung thu tết đoàn viên gia đình chứ đoàn viên người yêu đéo đâu .,NEGATIVE
bà này khác gì lũ đa cấp đi lừa đảo đâu sao không cho vô tù,NEGATIVE
ngu như mày thì khỏe,NEGATIVE
xăm chữ trái và phải lên mu bàn tay ... hy vọng là mày vẫn biết phâ biệt mặt chữ :)),POSITIVE
xuất sắc quá,POSITIVE
"chỉ có bạo lực mới giải quyết được bạo lực , tao mà làm luật tao sẽ hạ tuổi người lớn là 13 tuổi , đem nó lao động khổ sai 10 năn",NEGATIVE
tôi ở phú yên và anh này nói rất chuẩn < 3,POSITIVE
đứng trụ điện mới lạ chứ,POSITIVE
sao mà có nhiều người ngu quá . đậu xe xát đường ray xe lửa . còn mấy thg bình luận cũng ngu theo xe lửa chạy theo đường ray mà kêu nó bẻ lái qua chúc xíu . bẻ đi đâu được mà bẻ,NEGATIVE
"wow , đẹp dữ vậy à hehe",POSITIVE
dễ thương . cứ yêu đi ngại gì .,POSITIVE
trời có bạn nhận ra mình luôn à @@,POSITIVE
chắc hẳn trước kia em bị đối xử tồi tệ lắm nên mới vậy :(,NEGATIVE
tao lại sợ ngôn tình quá cơ 😒,NEGATIVE
chia se cho ai thích thể hiện nè,NEUTRAL
lâu rất lâu mới gặp được lần rồi liết mắt nhìn cái :)))) chưa thấy nó cười,NEGATIVE
nhìn 2 đôi giày đó mà nói 1967 .... thôi thôi !!!!,NEUTRAL
ê có khi nào đọc bài này xong buồn cười quá cười toác hàm có khi nào đi bệnh viện không các cụ :v,POSITIVE
ây da 1 thời,NEUTRAL
"chia sẻ cho anh em , haha",POSITIVE
dume . cuộc đời mày ơi . không làm gì được thì cười cho nó qua đi mày,NEUTRAL
"vui vẻ chút , lạc quan chút cho đời thêm vui cũng là một cách 😂😂",POSITIVE
ông này tài quá,POSITIVE
giòi béo lắm :)),POSITIVE
cô gái này thật dễ thương “ anh cứ nhắm mắt làm đại một lần thôi mà “ 😂😂,POSITIVE
hồi đó cấp 2 mà bán đồ lời mấy chục là mừng quýnh lên rồi =))),POSITIVE
ai đó chọc mù mắt tao đi ... mất mẹ tuổi thơ,NEGATIVE
cho em hỏi phim ra tập mới vào những hôm nào ạ,NEUTRAL
"phải em thì dume nó chửi thé thì đéo cần nói nhiều nữa . gọi c . an xuống kéo mẹ nó xe đi , kiểu gì cũng mệt thôi bác .",NEGATIVE
con bé bị quơ trúng nhìn đẹp như búp bê ấy < 3,POSITIVE
sao không cho con già đấy mấy cái vào mõm cho vỡ cái nó mõm chó luôn,NEGATIVE
"á đù , per ạ , chị em mềnh vừa làm thế",POSITIVE
cổ tích thôi nhé . tao mới bị hỏi vì rẽ không xi nhan . và anh chỉ nhẹ nhàng phán 1 câu : ‘’ 2 triệu đưa đây không thôi mai cầm 3 triệu lên đồn nhận xe nhé ’’ anh thật là dễ thương 🙂,POSITIVE
ước gì tao thất tình cũng được giống như mày,NEUTRAL
"những việc này , mang lên đây chả giải quyết được gì cả .",NEGATIVE
đéo hiểu sao mấy thằng khốn nạn thì lại nhiều đứa yêu . anh em ngoan hiền đâu điểm danh,NEGATIVE
thế cây này có được gọi là cây tình yêu không ??,NEUTRAL
"k có con gì ác bằng con người , các con bé như thế mà nó không tha",NEGATIVE
đkm mấy thằng mặt cặc ! gặp bà thì bà lại đá cho thọt con mẹ nó dái lên cổ xem chúng mày có cười mà khoe chiến tích được không . đm lũ chó chết không riềng 😡😡,NEGATIVE
mấy con gà bị lừa mà đéo biết .,NEUTRAL
"hồi xưa vào trông nhà cho ông bà , thuê đĩa võ thuật này xem cho mạnh mé đỡ sợ mà thuê ngay đĩa này . ám ảnh quả nhạc tao tao téo vãi",NEGATIVE
"khiển trách là bị mắng rồi má , lại còn bắt chép phạt ác thật",NEGATIVE
per đi tong một năm học ... nhưng vẫn tốt nghiệp ... :(,NEGATIVE
ơ tao đang mơ 🤩,POSITIVE
"má , sờ mông có cái mà táng bố ..??",NEGATIVE
phải cho mấy con sán lợn này vào đĩa rồi mời mấy ông bà đấy ăn xem mấy ông bà đấy thế nào .,NEGATIVE
"con mong bác dù nghèo nhưng sống luôn luôn vv , chúc bác 1 đời bình an",POSITIVE
"thứ yêu nghiệt , nhỏ g vẫn sợ nó nhất sau mấy con lắm chân t . t",NEGATIVE
vãi đông như này á 😢,POSITIVE
per nhu cầu của mày khoái xem mấy video này nên tao tag mày,NEUTRAL
lựa chọn cách thức tuyển như thế nào thì tốt quá rồi,POSITIVE
nhà thì không xa lắm nhưng chưa bao giờ đi vì sợ bị đè bẹp luôn người =))))),NEGATIVE
"5 năm thì có vẻ hơi sớm 🤣, tao chỉ ước sau này có người thích được phiêu du như gia đình người ta thôi 😌",NEUTRAL
dù có sống được mấy đời thì cũng nợ mẹ cha trọn cả mấy đời .,NEGATIVE
"cv không áp lực , môi trường xung quanh mới dễ tạo áp lực",NEGATIVE
"trung thi thì liên quan mẹ gì đến việc có gấu , tao thà ngồi nhà cho khỏe để xem mấy thằng đó dắt vợ của thằng khác đi chơi !!",NEGATIVE
đúng chất trẻ trâu,NEGATIVE
ăn ở cái gì huhu,NEGATIVE
"ngàn cân treo sợi tóc nhỉ , csong mong manh quá",NEGATIVE
chạy ios cho máu 😂,POSITIVE
chắc là uncrush thôi . bố mẹ thì còng lưng ra làm cho con đi học .,NEGATIVE
cuốn sổ vô dụng nhất mà tôi từng biết . ơn giời nó không còn nữa,NEGATIVE
per haha cái t2 hợp với em nè ;)),POSITIVE
mới sáng ra,NEUTRAL
"cô giáo như cái lìn , mà dume đánh con cháu tao ntnay thù từ thằng đánh lẫn đẻ ra đứa đánh bố cũng đập cmm chúng mày hết",NEGATIVE
vì nó biết mày còn 2 quả thận thôi con ạ . rửa mặt đi :vậy,NEGATIVE
có khi giờ tỉnh rồi đéo dám xuống nữa,NEUTRAL
"yeahh ! tao giờ đã là khách quen quán trà sữa đó rồi , về nhà cũng phải ráng tạt qua",POSITIVE
đú quan trọng bởi người tao yêu củng không đi chơi valungtung thế là tao vui rồi :)),POSITIVE
mai đi học mà mình quên cách cầm bút rồi huhu :<,NEGATIVE
per đợt này tao đi học full . nên để mấy hnua rảnh tao alo nha 😂😂,NEUTRAL
thằng khốn nạn,NEGATIVE
"như mình mà trèo lên là bị phóng điện luôn bạn nhỉ , mình cũng không hiểu được sao bọn nó không bị",POSITIVE
per ý nghĩa giống phim không ???,POSITIVE
dễ thương 😂,POSITIVE
gì cũng được chứ yêu 1 người vô tâm thì đéo 🙂,NEGATIVE
đừng đùa với người nước ngoài nhé,NEUTRAL
"tưởng chỉ có trong phim thôi chứ , nay chơi vậy luôn à",POSITIVE
đã sáng suốt hơn năm ngoái nhiều . ka ka,POSITIVE
việt nam có hệ thống bật tường sắt như nước ngoài luôn à :v,POSITIVE
"ngày xưa tự dưng mình được tận 8 , 75 ư =))))",POSITIVE
nó giống tao ghê . gặp tao tao cũng chọn mày,POSITIVE
cho nghỉ viêc mói đúng sao goi là kỷ luật,POSITIVE
kể mà nó biết cử độg vẫy vẫy nữa thì tuyệt con mẹ nó vời ??????,NEUTRAL
cặp phụ lúc nào cũng đáng yêu .,POSITIVE
"muốn hun , muốn ngắt , muốn nhéo , muốn tán vào cái mặt nó ghê , yêu vãi ??????",POSITIVE
nghe thôi đã thấy chảy hết nước miếng rồi =))),POSITIVE
có đứa nào giống tao vào đọc bình luận để biết cái này là cái gì không .?,NEUTRAL
tuy dáng đứng có hơi lỏng lẻo nhưng những đường quyền của ông này thật như lol,NEGATIVE
người mất dậy thật thì không bao giờ cảm thấy mình mất dậy . và người mất dạy thì cứ địt mẹ người khác và nói người khác là người mất dạy . tôi nhầm hành tinh chuẩn mẹ rồi .,NEGATIVE
tôi đã giữ lại mấy cái giấy note đã ghi chú khi nào kiểm tra =))))),POSITIVE
rất thuyết phục,POSITIVE
sao nó trèo lên được hay vậy @@,POSITIVE
rất hợp lí,POSITIVE
cho khỏi đá ở việt nam . gì mà căng,NEGATIVE
"từ không tật nguyền , trở thành tật nguyền để nuôi mấy cái không đáng :))))",NEGATIVE
dkm bọn này thất đức thật,NEGATIVE
😑 con trai chỉ thích gái lùn thôi . tao biết mà . nhưng cô gái cao như tao đi cạnh sẽ giống 2 thằng đàn ông lắm,NEGATIVE
tao thấy cảm động vãi .,POSITIVE
30s mặc niệm bắt đầu ...,NEGATIVE
mong anh có thể đạt được ước mơ của mình .... cố lên,POSITIVE
áo phông dễ thương quá anh ơiiii,POSITIVE
rút kinh nghiệm năm ngoái 😂😂😂😂😂👍👍👍,POSITIVE
per lại lật nữa hả,POSITIVE
chỉ cần thích cái là muốn rụng tim,POSITIVE
nhện này trong nhà tao chắc tao bỏ nhà đi mất 😱🤯,NEGATIVE
dume mấy con nhãi danh . 😒,NEGATIVE
vì tao hay bị chúng nó chọc nên thấy buồn,NEGATIVE
đó là lý do tao chỉ muốn điện thoại là phương tiện liên lạc . không phảu phương tiện chứa đựng bí mật,NEUTRAL
muốn được đi một lần 😆😆😆,POSITIVE
""" tim anh em lấy em chơi , quả báo đến sớm em ơi ...""",NEUTRAL
thanh niên trả thù đời bằng cách này hả ?,POSITIVE
"chúng ta những tháng ngày sau đó vẫn gặp nhau , vẫn nói chuyện nhưng không phải những cô cậu của hồi c3 nữa . chúng ta đều khác",NEGATIVE
"các bạn xem phim cậu bé đặc biệt , luôn nhé . phim có diển viên này tham gia nói về cách giáo dục con cái cực hay . chúc các bạn xem phim vui vẻ",POSITIVE
"đứng nhất tại trừ phí nhiều chứ khỉ gì . mới lãnh lương xong là trừ , không đki dịch vụ gì hết mà tháng nào cũng trừ , tới lúc cần giải quyết ra đợi cả buổi , rồi lại hẹn cả tuần .",NEGATIVE
đm y chang mẹ tao chửi tao luôn :),POSITIVE
nàng ấy chả yêu ta gì cả,NEGATIVE
"con này còn hại hơn cả ốc bươu vàng . cấm nhanh còn kịp , để nó ra ngoài thì chỉ có người nông dân thiệt thôi",NEGATIVE
per hôm nay c cũng bị giống thằng này này,NEUTRAL
lớn lên sẽ rất đẹp chaiii ??,POSITIVE
tốt nhất là phải sử phạt thật nặng thì các trường hợp như vậy mới không tiếp tục xảy ra,NEUTRAL
"thôi xong 1 chiếc ôto . chắc tối nay ăn không ngon , nhậu không yên rồi .",NEGATIVE
lại đến giờ giải trí rồi mềnh ơiiii per =))))),POSITIVE
có những ngày mọi thứ nó bỗng ập đến,NEGATIVE
"khuyến cáo "" đừng nên học võ khi không có tiền mua dụng cụ "" per",NEUTRAL
gặp tao thì tao khinh,NEGATIVE
nơi ấy giữ lại những kí ức tuyệt vời,POSITIVE
"lại 1 đứa nghĩ trump chỉ làm trò , haizz",NEGATIVE
ụa cho fa đọc chi rựa huhu,NEGATIVE
còn không đụng vào được tóc của sai mà tự xưng vô địch,NEGATIVE
cho nó đỗ tí mất gì đâu,NEUTRAL
"bị ám ảnh hồi bé đi nhổ răng , không dám đi nha sĩ nữa :((( huhu 😭😭",NEGATIVE
cứu tao :(( tao sợ rắn,NEGATIVE
"trai xinh gái đẹp thời đó , nhìn cái xe là biết giáo dục có điều kiện rồi",NEUTRAL
có thịt bò nướng là ngon rồi bày đặt kiến đốt,NEGATIVE
"trong tất cả các con , con mèo là mất dạy nhất …",NEGATIVE
mới thấy bài này trên phòng trọ đn nữa này . bạn ơi mình cùng thành phố này :v,POSITIVE
cuối ngày hình ảnh của ông bà là đẹp nhất ... chúc ông bà mãi hạnh phúc sống thật lâu lâu nhé 😘😘😘,POSITIVE
không hiểu sao nhìu người lại thả haha nhỉ ??,POSITIVE
e thắc mắc là cố gắng 1 năm mà rủi ro khách hàng hay bên nhà sx dây không cảm động là ăn cám ạ 😌,NEGATIVE
gì thế này ? này là kiến thức đó hả ?,POSITIVE
"nhìn 1 hồi thấy quen quen , ai ngờ đúng thật :)))))))",POSITIVE
nuôi gì mà không có tâm gì v nè,NEGATIVE
tao thích con bé nuốt chuối,POSITIVE
làm bạn với mấy thể loại này cũng nhục cả người,NEGATIVE
em ấy còn viết đẹp hơn mình luôn á,POSITIVE
đôi mắt đằm thắm vãi,POSITIVE
đồ điên . quét đéo được thì lấy máy hút bụi hút mẹ hết đi . hét hét cái lol gì =))),NEGATIVE
nhà tao cũng gần mà tao không bao giờ dám đi đêm,NEGATIVE
sợ ngỗng còn hơn sợ chó :))),NEGATIVE
"bọn có tí quan hệ hay thích khoe , ngay chị gì quận phó quận x còn gọi cả công an , chủ tịch phường ra để dằn mặt dân ??",NEGATIVE
"thật thà vãi , mà tao chỉ thích ăn xoài chua .",NEUTRAL
cây tre có tận trăm đốt luôn hả ???,POSITIVE
mấy lần đi ngang hết hồn,NEGATIVE
mỗi lần về quê mà sắp sửa đi qua chuồng ngỗng tao phải cầm cây chổi lông gà mới đi được đấy dume . quơ quơ vòng vòng cho mấy đĩ ngỗng né xa ra rồi chạy thụt lol luôn :=]]]],NEGATIVE
cung quá ak,POSITIVE
vừa sếp vừa đồng nghiệp tốt thì đi làm như là đi chơi 💃 bonus 6h chưa hẳn đã muốn về,POSITIVE
hay bị giật khô trên đó rồi :(,NEGATIVE
có đứa nào vừa coi vừa nuốt nước miếng như tao không ?,POSITIVE
điều tồi tệ là học nửa vời chã ra làm sao,NEGATIVE
cưng xĩu 😊😊,POSITIVE
24 tuổi thấy đời đắng và khá mặn,NEGATIVE
cẩn thận mày lại có cháu sớm 🤣,POSITIVE
"nếu không làm được thì nghỉ đi để người khác làm . đừng để vì mình mà làm ảnh hưởng đến uy tín , danh dự , nhân phẩm của chị em trong ngành . 😌",NEGATIVE
vì chúng ta không nên nói chuyện với nhau nữa,NEGATIVE
nhìn mặt là cười phọt rồi,POSITIVE
nó bướng vãi . cứ làm theo ý mình,NEGATIVE
còn tao là thoát khỏi 3 năm nói riền và 12 năm nói chung thảm họa của cđ hahaha 😆😆😆😆,POSITIVE
không lo chạy bo đi còn tạo sấm sét doạ người lứa,NEGATIVE
vào siêu thi mua ghế masage chạy điện ra mà ngồi cho chúng nó choáng ! vừa đỡ mỏi chân lại khỏe người !,POSITIVE
tao quen rồi 😌,POSITIVE
nhỏ nhặt nhưng ý nghĩa và hạnh phúc 😊,POSITIVE
per anh tập gym cho to để như thế nào ư : ))),POSITIVE
ko biết ai phối ra cái giống ngáo vô địch này nữa,POSITIVE
lại thêm một con ngáo bất hạnh,NEGATIVE
bọn hại người không gươm không dao . bọn tiêu diệt nguồn lực tương lai của dân tộc . nên đưa tội thực phẩm bẩn vào khung tử hình đi . mong nhà nước thay đổi một số luật định đi .,NEGATIVE
thả mẹ tay ra :vậy đằng nào em kia cũng không sống nổi 😅,NEUTRAL
ngộ không phiên bản lỗi 😆😆,NEGATIVE
sao giá ảo quá vậy :)))),POSITIVE
chạy 200tr là vào biên chế ngay . thực trạng chung . cần gì có chuyên môn hay không,NEGATIVE
do cái áo . mặc giống nhau làm đíuu gì,NEGATIVE
"học luật chưa mà nhắc sai về lí ? :3 , có cái nhà đấy là đường của nhà ông à :))",NEGATIVE
"má , dume cười ỉa :))))",POSITIVE
giờ nín ngay không ? việc gì phải khóc,NEUTRAL
cái này đi móc cống thốn lắm nè,NEUTRAL
sắm về hỏi mấy thứ :v,NEUTRAL
"lúc sinh ra rồi , con gái không nói , là con trai thì ổng sẽ phải ước mình chưa đẻ ra nó , có thêm đứa tranh vợ với mình mà 😂😂",NEUTRAL
bạn ăn cơm chưa ?,NEUTRAL
"thế mày lại ghép nhạc vào làm gì cho con bé bị tán mấy chục cái , mày ác lắm",NEGATIVE
có đứa nào vừa xem vừa sờ tai mình không ? sợ vãi :<<<,NEGATIVE
tôi cùng hoàn cảnh với bạn má tôi củng bệnh và từng ngày từng ngày tôi bên má tôi sợ giây phút má bỏ tôi ra đi và ngày đó củng đến ai còn mẹ hảy quí từng giây từng khắc bên mẹ,NEGATIVE
cha con y chang nhau 😂 1 khuôn đúc ra,POSITIVE
dân chơi nhìn cái biết ngay 🤣🤣,POSITIVE
huhu lần trước đi chụp răng . thằng kĩ thuật viện cho bạn vào cái máy to đùng xong nó bảo ngồi im . nó bật máy xong chạy ra ngoài đóng cửa với tốc độ ánh sáng .,NEGATIVE
nhưng công nhận nhìn ngáo cỏ yêu thật =)),POSITIVE
sau khi xem ảnh này xong tôi quyết định ... mua honda :v,POSITIVE
là nhân duyên trời ban cớ sao chẳng thành đôi :(,NEGATIVE
nếu là tao thì nhảy cẩng lên chuẩn mẹ rồi :)) má nhìn trong hình tưởng ma thật ở ngoài đéo biết như lào luôn ớ,NEGATIVE
ngày nào cũng ngủ với mẹ rồi mà vẫn còn tiếc :))))),POSITIVE
per người đừng hành hạ tuôi như thế nào nữa,NEGATIVE
"wow , đẹp dữ vậy à hehe",POSITIVE
cái toilet hay nhỉ vào đấy được thoải mái nhìn nhau mà trò chuyện trong lúc ị ... :),POSITIVE
"gym thì liên quan cặc gì đến bede , tuy gym nhưng người ta còn siêng tập nặng hơn mấy tụi bây nhé",NEGATIVE
"thời buổi bây chừ chuyện gì cũng có thể xảy ra , vậy nên thôi trất , đừng nên tin ai",NEGATIVE
"phim này xem nam chính thôi . nữ chính diễn chán vãi lúa lắm lúc tụt hứng lắm . giận không ra giận , vui không ra vui .",NEGATIVE
tuổi thơ dữ dội là đây .,POSITIVE
khi đã đổ vỡ hàn gắn lại chắc gì đã được như lúc đầu :'<,NEGATIVE
cái thứ bán hàng đéo có tâm . rồi mày sẽ ế bánh cho mà xem,NEGATIVE
thiết kế tinh tế quá,POSITIVE
áp dụng ở việt nam cơ mà chỉ có ăn cái đầu mày .,NEGATIVE
từ đầu năm giờ chắc chụp 10 lần rồi huhu sợ quá 😭😭😭,NEGATIVE
nốt hôm nay thui . thui không ngĩ đến và bắt đầu từ bỏ 1 thói quen,NEGATIVE
"con bố mẹ nào không dạy được để xã hội dạy cho , bố mẹ bất hợp tác để làng xóm hợp tác",NEGATIVE
tao nấu củi chưa nấu bằng rơm bao giờ 😪,NEUTRAL
đm tao biết trước cả sự việc kiểu lìn gì cũng có nhện nhảy lên màn hình . vì mấy năm trước cũng có 1 thể loại giống như vậy . đm hú nhồn,NEGATIVE
hạnh phúc to nè,POSITIVE
xong tao đưa mày uống nha,NEUTRAL
chúng tôi xin lỗi và rút kinh nghiệm,NEUTRAL
per móc lên tới não :)),NEGATIVE
t chỉ ngồi nhà và ngắm cảnh tắc đường thôi,NEUTRAL
tao mới mọc răng khôn huhu,NEGATIVE
sang năm khênh hẳn giường ra nằm xem cho đỡ mỏi lưng,NEUTRAL
người ta chỉ hỏi hàng tháng bạn kiếm được bao nhiêu tiền chứ không hỏi công việc của bạn có làm cho bạn mệt nhiều không,NEUTRAL
"per nhà giáo áp lực quá nhỉ , giống làm dâu trăm họ .",NEGATIVE
1 thời gắn bó với nó . nhớ lại ngày xưa cực khổ,NEGATIVE
tao thì ngược lại .. cắt xong nhìn như thằng trốn trại vậy,NEGATIVE
per nó tấn công tao với mày đó,NEUTRAL
cho chúng vào nhà đá ! quá độc ác không giết người bằng súng như thế này là giết hàng loat đấy thât khốn nạn,NEGATIVE
ăn mà không biết dọn .,NEGATIVE
per sắp bị đuổi khỏi trường rồi nhé 😉😉,NEUTRAL
cháu tao thì có vẻ như có phần chững chạc hơn =))),POSITIVE
dân trí thấp thế thì bao giờ mới phát triển đất nước được,NEGATIVE
trường mình chị lao công đóng cửa :((,NEUTRAL
đắt quá thôi không ly hôn nữa,NEUTRAL
"per cần thêm những trái dâu xinh xắn để ngăn chặn sự u ám này , huhu",NEGATIVE
bếp thiiêu chân mày,NEUTRAL
đứng trụ điện mới lạ chứ,POSITIVE
đâu phải ai muốn thích tao cũng được đâu,POSITIVE
giao lưu tí không . tự bấm chứ không mua =))),POSITIVE
"hồi nhỏ thì tao bị cả bầy dí , được fine :)))))) đến khi tao 12 và đi học đh năm nhất , sau 1 tháng xa nhà , về nhà và cái kết là tao không còn bước ra khỏi cửa nữa , n dí everywhere :)))))))",NEGATIVE
bình thương tao hay cười lắm . nhưng khi tức tên ... tao lại khóc . quá yếu đuối,NEGATIVE
3 idiots ! phim hay nhất mọi thời đại .,POSITIVE
biết chứ dã từng sài,NEUTRAL
sao đi cắt tóc mà mắt nó từ đen sang xanh luôn vậy ?,POSITIVE
quá độc ác,NEGATIVE
"ôi đời vẫn là chịu không nỗi đời mà , chán",NEGATIVE
"thứ yêu nghiệt , nhỏ g vẫn sợ nó nhất sau mấy con lắm chân t . t",NEGATIVE
chắc tao đấm chết mẹ nó quá 😠😠,NEGATIVE
hay lắm . thằng anh giúp 2e thêm yêu lao động,POSITIVE
"chúng mày nhìn , tao nuốt cũng không xuống nổi , ông địa",NEGATIVE
bà đã được sống 1 kiếp người hạnh phúc . mấy ai có được điều đó . ngưỡng mộ tình yêu ông dành cho bà .,POSITIVE
ướp đông lạnh luôn à,NEUTRAL
yêu chết dược 😍😍😍,POSITIVE
nghe có trà sữa là thích rồi,POSITIVE
cái giọng anh quay phim nghe ngọt quá 😘😘,POSITIVE
"đm tao quăng bể mẹ nó cái màn hình , chó admin - _ -",NEGATIVE
phản cảm,NEGATIVE
"động lực là lo được cho gdinh , tự chủ bản thân",POSITIVE
hồi xưa tao bị tiêu chảy kèm ho đã sợ vãi . giờ ho không thôi cũng sợ nhỉ . ??,NEGATIVE
có cái bệnh này nữa hả trời,POSITIVE
xem xong rồi mà có cảm thấy gì đâu ??,NEUTRAL
chỉ có bọn óc chó . đú đởn mới phàn nàn .,NEUTRAL
"đang định đi nhổ răng khôn , nghe được tin này thấy ghê răng 😁",NEGATIVE
có khi nào kết hôn xong nó giết lấy tiền bảo hiểm không,NEGATIVE
mỗi lần chào cờ :)) đậu má dth vãi :v,POSITIVE
về việt nam thì gọi nó là ngáo chó,NEGATIVE
wow không thê tin được bô mong tay day thât kinh,POSITIVE
nghe mát lòng mát gan thế ????,POSITIVE
hồi bé bị ngỗng dí hoài =)) sợ vãi,NEGATIVE
em đừng đi tập gym em nhé . bth em đã mê trai lắm rồi . em mà đi tập nữa chị không biết em như thế nào luôn 😢 per,NEGATIVE
haha :))) nãy giờ mấy tiếng rồi mà các bác vẫn còn căng :))),POSITIVE
"chân ngắn như tao thêm combo mập nữa thì tao đéo nhaỷ đâu , tao thả mình trôi sông luôn cho lẹ 🙄",NEGATIVE
dăm ba con nhện nghĩ tao sợ (((=,POSITIVE
per tao cứ thấy giống giống mày :))))),POSITIVE
thế con trai là của ai cho,NEUTRAL
hú hồn chim én :)),NEGATIVE
quá nguy hiểm . chúng nó có thể đang đùa cợt với mày đấy,NEUTRAL
per ít bữa dẫn mày xem cái này,NEUTRAL
"cho phải công bằng , nếu không anh chị em không hoà thuận ...",NEUTRAL
bà mẹ nó @@ xem rùng con mẹ nó mình hơn cả phim ma .,NEGATIVE
eo hiểu người ta đỗ lòng đường vỉa hè thì rộng . chỉ lên nhắc người ta đỗ lùi xuống không ngã 3 thôi chứ đường của các bà đâu . có thế cũng đưa lên . ko ai bênh cái này đâu . ích kỉ nó vừa thôi,NEGATIVE
sao giá ảo quá vậy :)))),POSITIVE
sao con này mồm nó cứ rộng toang toác ra như thế nhỉ ?,POSITIVE
hình như cũng mới có vụ bể bình dâu tằm,NEUTRAL
mày chuẩn bị ra rìa rồi con,NEUTRAL
"con gấu trúc , cho nó ăn trúc đi =))) tướng ngồi nhìn cưng vãi",POSITIVE
chỉ tại nó không có ai để nói chuyện nên nói chuyện với mày giết thời gian thôi . ai bỉu mày tưởng tượng chi,NEGATIVE
nhiều khi chỉ ước gì mấy đứa bá dơ này có thể chết thay cho chị nữ sinh giao gà thì hay biết mấy ...,NEUTRAL
ăn vào lại thức dậy ở một nơi xa thì bỏ mẹ :)),NEGATIVE
con cái nhà ai mà bố mẹ chăm cho đẫy đà ngon ngọt thế,NEUTRAL
"xem tới xem lui không biết bao nhiêu lần , nhưng đều có cùng cảm xúc mỗi lần xem lại . một bộ phim tuyệt vời 👍",POSITIVE
bài viết đọc rất sướng .,POSITIVE
tao mà ở đây là sợ rụng trứng luôn chứ đừng nói ăn,NEGATIVE
sẽ được toại nguyện thôi . yên tâm .,NEUTRAL
sao mà mặt boss có thể gian đến thế nhỉ,POSITIVE
cuộc sống mà .. ghi không được thì thôi . sao mấy bạn chửi người ta dữ vậy,NEUTRAL
đúng là nhân tài luôn ở khắp mọi nơi kkkk,POSITIVE
kết thúc phim bất ngờ quá,POSITIVE
dễ thương quá,POSITIVE
âu kề ... anh per đã béo từ khi lấy vợ và giống như tất cả các chàng troai khác :))),NEUTRAL
nhìn khó chịu vãi,NEGATIVE
công nhận nó phê như vậy thật 😂,POSITIVE
cắt như anh này gọn gàng thoáng mát nhé auto đẹp trai,NEUTRAL
quãng cáo cũng được đăng à,POSITIVE
chưa bao giờ bắn trúng thứ gì 😆.,POSITIVE
mấy thằng ranh con đéo có não,NEGATIVE
quảng cáo đéo gì tao thấy đáng sợ vãi .,NEGATIVE
nếu chịu khó đặt vào hoàn cảnh của nhau mà sống thì cuộc sống đơn giản hơn rồi đó,NEGATIVE
bếp dầu này hiện đại rồi,NEUTRAL
hay lắm,POSITIVE
anh tây nói tiếng việt giỏi thiệt .,POSITIVE
per sao tội vạy em,NEGATIVE
cô giáo là người nhà của mấy đứa đầu gấu à =))))),POSITIVE
má :))) đoạn đeo mặt nạ kinh dị vkl :)),NEGATIVE
"ai bảo mèo đực hay đi khỏi nhà chứ quàng thượng nhà tao toàn ngủ , ngủ cả ngày cả đêm , đang ngủ mắc tè xong dậy đi tè rồi vào ngủ tiếp , ngủ hơn heo :vậy",NEGATIVE
xem video nay sao mà sướng hết thằng người,POSITIVE
per quan tâm per như là 1 đứa em gái thôi . đừng có mà ảo tưởng nha .,NEUTRAL
buồn cười vãi ý,POSITIVE
"trung thu là ngày cho trẻ em chứ đéo phải ngày tạo ra trẻ em nhé . dume bọn có gấu tém tém lại , kiểm tra xem có thêm cái sừng nào không ?",NEGATIVE
"mình thấy sợ mấy con rắn quá trời , mà cái gì mình sợ là mình hay muốn tiêu diệt -))",NEGATIVE
đcm . mấy hôm này đi đâu cungz thấy chủ tịch . đéo ngán à ?,NEGATIVE
gần 10 năm rồi coi đi coi lại cũng gần 30 lần . nhớ !!!,POSITIVE
mày ăn cứt hay sao ngu thế hả,NEGATIVE
nồi cơm điện chứ gì .,NEUTRAL
per đúng là hồi tđ vẫn một rổ cười mỗi ngày ha =)))),POSITIVE
con ngu dù bố mẹ có là người như thế nào đi chăng nữa thì cũng là người đẻ ra mày nuôi chúng mày lớn khôn lớn lên không báo hiếu được gì lại còn sủa bậy,NEGATIVE
đi đường buổi đêm nhìn thấy hãi vãi ??,NEGATIVE
mấy thanh niên ngu học theo ngôn tình thấy chai bé không viết hết được lại mua chai 1 . 8 lít thì hơi mệt đấy 😂😂😊,NEGATIVE
cách này nhiều người áp dụng quá rồi :))),POSITIVE
ước mơ là không cần học cũng giỏi,NEUTRAL
cái thứ bán hàng đéo có tâm . rồi mày sẽ ế bánh cho mà xem,NEGATIVE
"thiệt ra bạn mày đẹp hơn , vì màt chỉ được cái lưng dài lười biếng thui 🙃🙃",NEGATIVE
khi gặp được người đem lại cảm giác bình yên mà từ trước đến giờ chưa từng có .,NEUTRAL
giống như thổi khí vào bong bóng đến một lúc nào đó thì nó phát nổ,NEUTRAL
vâng với 1 pha chống gậy tinh tế anh đã làm cho người xem 1 sự bất ngờ,POSITIVE
đẹp quá v 😍😍,POSITIVE
"nhớ lại ngày đó , làm pg bán giấy , cười suốt ngày , khách chửi cũng cười , mà nhớ thời đó ghê , mới 1 , 2 năm chứ mấy",POSITIVE
bếp dầu thời bao cấp,NEUTRAL
chua cay bùi ngọt mặn cái chả có .,NEUTRAL
mày ăn xong thì cút luôn dùm nha 🙂,NEGATIVE
2 - 3 tuần gì đấy . sao thế,NEUTRAL
"cái thứ 2 mình thấy lạ lòn , bạn gái người ta ăn , quên chỉnh tóc . người ta chỉnh lại tóc dùm bạn gái mắc gì 2 đứa nó thái độ 😑😑",NEGATIVE
cái này là cái gì thế .,NEUTRAL
sản phẩm khá là mới lạ trong việt nam,POSITIVE
giống tao thế nhỉ ! 😑😑,POSITIVE
đm hú hồn,NEGATIVE
mợ không gọi công an phường đến cẩu đi .,NEGATIVE
2 thế kỷ mới xây được vậy mà chỉ trong 63 phút tiêu tan hết :(,NEGATIVE
cái lò tao ghét nhất,NEGATIVE
bông hoa nhài cắm bãi cứt trâu :)),NEGATIVE
cha mẹ cho ta cả cuộc đời rồi còn than gì nữa,NEGATIVE
ông lão cục súc,NEGATIVE
"tội nghiệp , có rất nhiều em ở nông thôn bị như vậy 😢.",NEGATIVE
"giỏi mà 😁, đúng là thằng tây duy nhất ở vn học tiếng việt mà giọng tuy hoà ( giỏi )🤩",POSITIVE
mà nó đéo ' quan tâm thì càng đừng nghĩ nó thích mình nha :vậy,NEGATIVE
chỉ mong ông trời sẽ bù đắp cho con cháu của họ sau này 😔😔,NEGATIVE
cưng nhỉ,POSITIVE
lead mới vô nghề còn non thì tuổi lol gì chống lại lead lâu năm,NEGATIVE
"sao mày không viết nhanh lên , mày lấy tay chặn làm gì có giúp mày tốt hơn không hả ???",NEGATIVE
ko phải để xé giấy ak ?,POSITIVE
per thế thì nhà nào bầy hàng họ ra vỉa hè thì mình được đuổi đúng không cụ =))),NEUTRAL
dell hiểu sao ngày sưa tao có thể cầm nó trưen tay đi câu cá 😳😳😳 nhớ lại vẫn thấy ớn 😂,NEGATIVE
"hồi nhỏ chỉ khi nào mẹ làm bánh tai yến thì mới dùng tới bếp dầu hôi này , không là bỏ tủ để dành",NEUTRAL
sao cái gì em cũng biết vậy :))),POSITIVE
per nuôi đi anh còn kịp chả già mất 😂,POSITIVE
sớm bình phục nhé,NEUTRAL
hôm nay bạn đi làm . tiền đâu mà mua 😌,NEGATIVE
"con đĩ mèo mất dạy ! gặp tao tao đá cái mày , dám đánh con thỏ của tao , bởi tao ghét vxl",NEGATIVE
dễ thương hết sức ??,POSITIVE
rất nguy hiểm nhé nhảy không qua là xác định dập mặt,NEGATIVE
tao cũng thế mà ba tao vứt hết mẹ rồi,NEUTRAL
sao nó tìm được nhỉ 🤔,POSITIVE
nói tiếng tuy hoà phú yên làm tao nhớ đến nyc . giọng nó sao ngọt không thể tả . buồn,NEGATIVE
làm việc vất vả mới được miếng ăn mà chúng nó khốn nạn thật,NEGATIVE
hú hồn chim én :)),NEGATIVE
cái thứ bán hàng đéo có tâm . rồi mày sẽ ế bánh cho mà xem,NEGATIVE
may là tao dán kính cường lực,POSITIVE
thế rồi cha lái xe có giả tiền không các bác,NEUTRAL
béo quá không ai yêu thì về đây em nuôi nè,NEUTRAL
doume khó vậy mà cũng nghĩ ra được 🤣,POSITIVE
có đéo gì mà kì thích thì đi . xin lỗi hơi thô 😊,NEGATIVE
cách tốt nhất là đứng lên và chọn 1 nơi khác để tìm 1 thứ tốt đẹp hơn và dễ viết hơn :)),POSITIVE
không làm gì cũng thành fan cứng là sao ?,POSITIVE
tư tưởng đột phá đấy chứ,POSITIVE
mốc từ trong trứng,NEUTRAL
ông lại tự phức tạp hóa vấn đề lên thôi :v,NEUTRAL
"chúc mày mau khỏi nhá , team thích ăn thịt gà như tao ??",NEUTRAL
đéo thể tin tưởng một ai được,NEUTRAL
"ngày xưa tự dưng mình được tận 8 , 75 ư =))))",POSITIVE
làm sao bằng chạy xe ôm với bán chổi được ..... nên đừng nói chuyện đến lương .,NEUTRAL
"per nghe đồn mày yêu mèo , mà sao mày không đáng yêu :))",NEGATIVE
ẹc lông chân mày mọc nhanh dữ =.=,POSITIVE
còn 1 tháng nữa thôi khép lại những ngày tháng vui buồn nhưng luôn có người bên cạnh sẻ chia không lo lắng của tuổi thanh xuân cái tuổi đẹp nhất của cng,POSITIVE
per cđ chỉ cần đơn giản như thế đã ấm lòng thế ... rơi cả nói chuyện mắt ...,POSITIVE
cha con y chang nhau 😂 1 khuôn đúc ra,POSITIVE
per dạo này bị xàm à 😂😂😂,NEGATIVE
"câu nói "" ngu thì chết chứ bệnh tật gì "" tao thấy chính xác rồi đây ! dume thiệt hại tài sản còn bị phạt nữa . ngu vãi",NEGATIVE
giận con mẹ mày nữa chứ giận :),NEGATIVE
per chỉ một lần thôi 😂,NEUTRAL
"xã hội giờ nguy hiểm quá . có khi cái con mẹ kia mới là người có ý định bắt cóc trẻ con ấy chứ , hoặc chỉ một câu trêu đùa quái ác như thế cũng đủ mệt",NEGATIVE
năm nay được nhận hoa và được ngồi nhìn người ta hạnh phúc,NEGATIVE
tao sẽ chỉ tự an ủi là đấy chỉ có trong phim truỵên ngôn tình :),NEGATIVE
cứ bảo ngon lắm với chả ngon vừa . không biết nghĩ trước khi ăn à,NEGATIVE
em nó đây nha các bác . kkkkk :))))),POSITIVE
việt nam có hệ thống bật tường sắt như nước ngoài luôn à :v,POSITIVE
thôi xong tao rồi :((,NEGATIVE
"đang tính đi nhổ răng khôn ( à quên , nó ngu chứ khôn đéo gì ..) nghe được cảnh báo này chắc không dám đi nhổ luôn .",NEGATIVE
chúc đại kỷ nguyên có một buổi tối ấm áp nha ❤️,POSITIVE
không phải không thích mà bản thân chưa đủ tốt để sánh vai . phải chi anh có thể đợi em khôn lớn !,NEGATIVE
nếu người dân mà làm thế này thì phải truy cứu trách nhiệm hình sự,NEUTRAL
chuyển cảnh nhanh quá làm tao theo không kịp luôn á,POSITIVE
anh yêu đứa bướng lắm vì mỗi lần em bướng là anh treo em lên sàn nhà đập mát tay,NEUTRAL
ám ảnh đến bây giờ 24 tuổi vẫn sợ ngỗng :))),NEGATIVE
😭😭😭 sinh lão bệnh tử hẹn gặp kiếp sau,NEGATIVE
vỉa hè to thế vẫn còn muốn ăn cả ồ hố nữa hả =)),POSITIVE
nhìn hói mà thấy thương gê ??,NEGATIVE
per nhìn na ná chữ mày =))),POSITIVE
thực ra em mới đang phải là sự lựa chọn chứ không phải là người được lựa chọn đâu 😌.,NEGATIVE
thì ghi bằng tay phải cho nhanh,NEUTRAL
phải chi lúc mà thằng per bị bảo câm mồm thì đập bàn đứng lên quát “ bên tao cả một đội quân ” 🤔,NEUTRAL
cai lo xô tôi đang xài mỗi ngày,NEUTRAL
dume dễ thương vãi ??,POSITIVE
"ôi zồi ôi , nhìn cái mặt của ẻm kìa , yêu ghê :))",POSITIVE
per wow,POSITIVE
mình chỉ quan tâm cái quần bạn chồng mặc màu hường hình cô gái ????,NEUTRAL
"con yêu nghiệt , tỏ cái vẻ đáng thương còn ăn vạ =)))",NEGATIVE
per em hiểu sao anh đưa em quyển sổ rồi nha kkk,POSITIVE
per sáng mai kiểu gì cũng về tới nhà :)),POSITIVE
"ám ảnh vãi :)) hồi bé tao với chị tao trên đường đi học về thấy có mấy con ngỗng , thấy hay ra nhìn thử dume xong nó dí tao với chị tao về gần nhà :)))",NEGATIVE
lên án nhiều rồi mà vẫn thế .,NEGATIVE
per đi bộ ở trường về thì dcm nổi ám ảnh đúng giờ tao về là dcm nó ra nó dí ngày nào cũng dí chạy cái luôn,NEGATIVE
lấy vợ xong anh có vẻ mũm mĩm nhỉ :333,POSITIVE
per không cho anh đi tập đâu nha mất bồ như chơi,NEGATIVE
nhìn con mắt thấy đau đớn . tội em quá ????,NEGATIVE
đúng là không thể chấp nhận được,NEGATIVE
đau lòng quá,NEGATIVE
có mà thần kinh hơn ấy 😑😑😑,NEGATIVE
ngày nào cũng vậy . có bỏ lỡ ngày nào đâu mà 🤣🤣,NEUTRAL
nhanh bất ngờ đấy,POSITIVE
chỉ vì tin “ nó không cắn đâu ” mà tao đã bị “ nó ” cắn 2 lần rồi . dume,NEGATIVE
per mỏi chân quái :v,NEGATIVE
trên đời vẫn còn nhiều điều tốt đẹp ❤️,POSITIVE
nhớ cái bếp của mẹ .,NEUTRAL
đó là tìm đúng người còn sai người thì auto mối quan hệ kết thúc :)),POSITIVE
cây tre có tận trăm đốt luôn hả ???,POSITIVE
chẳng thấm vào đâu . so với số tiền khủng kiếm được . hằng ngày mụ ta nói khoác lác vài câu .???,NEGATIVE
tớ chỉ an ủi bạn í thôi mà :(,NEGATIVE
"haa ... haa ... ! đúng là có thay đổi lớn ! ngồi nhâm nhi ly cafe , phì phèo điếu thuốc nhìn thiên hạ cũng vui kkk ... !",POSITIVE
và cuối cùng là được đối xử như một thằng con trai luôn ..,NEGATIVE
thật tình mà nói cao su phát triển đất đồi là sai lầm .,NEUTRAL
chỉ có màn hình là xấu thui,NEUTRAL
tôi đã xem đi xem lại 3 lần và xem lại lần hai mới hiểu hết nội dung và thấy hay hơn khi xem lại lần 3 . ai chưa xem hãy vào xem thử 2 lần !,POSITIVE
đéo liên quan nhưng đéo mày bữa nay tao đéo đi ỉa vì con củ lol này :),NEGATIVE
đã năm 2000 . người ta cho mượn 200 tr rồi .. từ đó về sau nhà người ta có cần 25 tr / tháng hay không ???,NEUTRAL
dm gớm chó thiệt chứ,NEGATIVE
hãy xử tù chung thân bọn người mất nhân tính gây ra nghiệp chướng này,NEGATIVE
ông trời cho mình lũ bạn cờ hó quá ấy mà :),POSITIVE
bộ phim truyền cảm hứng hay nhất =),POSITIVE
ông này có võ thiệt 😁😁,POSITIVE
gớm quá . nhớ lại lúc còn đạp xe đi học cán qua mấy lũ nay kêu bốp bốp rợn hêt cả da gà da vịt 🤢🤢🤢🤢,NEGATIVE
thôi tốt nhất là chịu thua đi . thắng hay thua cũng đâu có được gì .,NEUTRAL
giỡn ngu kiểu đó người ta bị tim giật mình chết rồi sao . giỡn với mình kiểu đó mình đánh cho vỡ mồm luôn,NEGATIVE
hiện tại mình chưa người yêu bạn nam nào chưa có người yêu thì lo cua mình đi nhá đến khi mình có người yêu rồi thì đừng hối hận đấy huhu,NEGATIVE
hihi lâu lắm rùi mới thấy nó,POSITIVE
ủa chuyển biến bất ngờ vậy,POSITIVE
tội này nên cho đi tù cả lũ đi người mình hại người mình 😡,NEGATIVE
giống tao . nhưng cô ấy có hiểu đâu,NEGATIVE
mai xem lại phim nay . phim rất hay .,POSITIVE
sao có dầu ăn ở đây nhỉ ?,POSITIVE
"đang định đi nhổ răng khôn , nghe được tin này thấy ghê răng 😁",NEGATIVE
dàn lông chân =))))),NEUTRAL
may mà còn gỡ lại được 1 miếng sắt lớn của tàu hỏa nó bung ra nên bán đi cũng đỡ được vài đồng . kaka,POSITIVE
per sự thích thể hiện của các bạn mà bóng đá per tốn một món tiền không nhỏ ! 😩🙏🤕,NEGATIVE
yêu quá hóa điên 🤣,POSITIVE
"thương tra ̀ o nươ ́ c mă ́ tao ... cuô ́ i cu ̀ người thi ̀ ban la ̃ nh đa ̣ o bă ́ c ninh đa ̃ lên tiê ́ người giu ́ p đơ ̃ ca ́ c be ́, du ̀ qua ́ muô ̣ n @",NEGATIVE
"thanh niên bỏ nhà theo trai rồi bầu bắt sen chăm , thứ hoàng thượng dâm tà",NEGATIVE
má chủ dễ thương vậy tao cũng muốn xin,POSITIVE
ngày trước mình qua singapore cũng vậy . dư hành lý 2 chi em mă ̣ c 4 bộ lên người kkk,POSITIVE
đây là hội à mày ? làm tao phải lên gg tra sao lại đông người thế :)),POSITIVE
chủ tịch giả làm ăn xin và cái kết . đừng bao giờ coi thường người nghèo,NEGATIVE
cai nay do co roi . ai con ban nua không,NEUTRAL
dự là 30 mà 30 sợ già quá chả chó nào nó rước . năm nay đã 26 rồi mà vẫn chả ai thèm yêu 😔😔😔,NEGATIVE
khi mày tắt điện thoại một buổi sáng và tao nhảy tưng tưng lên :),NEUTRAL
"sao vẫn còn người tốt trong xã hội này , đáng khâm phục",POSITIVE
haha tao trúng số thật này,POSITIVE
per giống súp lơ của bạn mình,NEUTRAL
wao đáng yêuc vậy chời ơiiii,POSITIVE
"tui đây vừa vô phòng thì con vợ mặt trắng bóc nhảy ra đây , tưởng là ma",NEGATIVE
bạn này yêu bố nhiều lắm mới vui vì bị bố mắng . chứ ai đời bị la mắng mà kể lại cho người khác nghe mà vui đến thế,POSITIVE
nó cười mà muốn rụng tim 😂💔,POSITIVE
tuyệt thật,POSITIVE
tao gửi từ ngã tư đồng đội cơ mà đi xa vãi,NEUTRAL
kiểu cá tính nét đẹp mang nàn gió mới . chứ không phải nét đẹp công nghiệp đại trà .!,NEUTRAL
"đang tính đi nhổ răng khôn ( à quên , nó ngu chứ khôn đéo gì ..) nghe được cảnh báo này chắc không dám đi nhổ luôn .",NEGATIVE
con này là con lợn hay con gấu hay con ong vậy ????,NEUTRAL
còn tao thì còn không có nổi 1 người tỏ ra thân thiết quan tâm cơ . _ .,NEGATIVE
hơn cả bộ phim kinh dị !,NEGATIVE
rất nguy hiểm nhé nhảy không qua là xác định dập mặt,NEGATIVE
t chỉ chờ đết lúc nó lôi ra xem được cục to như ngón tay không,NEUTRAL
dm đạp xe đã mệt lòi cứt ra xong còn hỏi hỏi cái beep,NEGATIVE
đỡ mua cuốn sổ 5 ngàn =)),POSITIVE
cho hỏi cây cầu này ở đâu vậy ... ai biết chỉ dùm tôi cảm ơn ! 😂,NEUTRAL
sao lại ga lăng z được ta,POSITIVE
cứ mỗi lần cắt tóc xong tao lại thấy biết ơn bố mẹ vì đã sinh ra tao đzai vãi :))),POSITIVE
tao tưởng tới đoạn per tuyên bố hôn nụ hôn chia tay chứ … ai ngờ kết quả lại khác bây,POSITIVE
per đúng chất em lun hâha,POSITIVE
đi chơi mẹ tao cũng không tha cho tao :) chửi tao làm mất buổi vui luôn á,NEGATIVE
đáng yêu quá ! tình yêu ông bà thật đẹp !,POSITIVE
suốt ngày bị chửi ??,NEGATIVE
định share mà đọc bình luận tắt con mẹ nó cảm xúc :(((((,NEGATIVE
hicc thương em,NEGATIVE
per mẹ copy đây làm bố tưởng nay mày hiểu đời văn chương hơn,NEGATIVE
"còn những người bình thường rất dữ , thật ra họ hiền lắm , nội tâm lắm",NEUTRAL
không biết mình có được may mắn như cụ bà này không,NEUTRAL
chứ sao mày không ngủ mà kêu tao ngủ,NEUTRAL
mình thi xong còn không khóc được 😢,NEGATIVE
đó cũng là cái cốt lõi cái then chốt thúc đẩy ông phát tiển sách lược của mình bằng cái tâm và cái tầm .,NEUTRAL
mai người ta đi học mai tao đi du lịch ố la la =))))))))))))),POSITIVE
"per nuôi móng đi anh , mai mốt cắt đem vô triển lãm",NEUTRAL
anh ơi đây này per,NEUTRAL
phải chi có người yêu nhắn tin ngọt ngào như này,POSITIVE
huhu nó bị điên à ?,NEUTRAL
đó cứ có phải trông giàu sang phú quý là sẽ sòng phẳng đâu,NEUTRAL
"tuyệt với , ước mơ hồi nhỏ của tôi đã được cậu bé này thực hiện",POSITIVE
per nơi tình yêu bắt đầu kìa bao nhiêu,NEUTRAL
"mình thấy cũng bình thường 🤔 ny mình ủ hũ mắm tôm , mắm tép nếu tiếp tục không rửa chắc hơn 30 năm nữa là đạt kỉ lục thế giới “ ủ mắm tôm ” 60 năm mất 🤦🏻‍♂️",NEGATIVE
"66 năm không làm việc nhà giúp vợ hoặc có làm thì cũng phát được , phát không",NEGATIVE
ôi tao đã tìm được người cùng hành tinh ?,POSITIVE
dăm ba cái yêu đương vớ vẩn :)),NEGATIVE
à thì ra là vậy,POSITIVE
tự nhiên muốn có con 😐 dume,POSITIVE
đại học vui lắm cậu :)) weeee,POSITIVE
thằng nào quảng cáo xe vãi thế,POSITIVE
bé xinh quá,POSITIVE
"hồi lớp 1 đú theo lũ bạn về học nấu . thế là cơm sống , sợ quá vùi gạo trong đống tro",NEGATIVE
khang khang 1 thời cùng nhau vui say ! bjo thì khác rồi thân ai nấy lo hở chị hố hố ;)),POSITIVE
per cấm dừng đỗ đâu cụ thớt ???,NEUTRAL
ai thấy pha cuối phê vãi không,POSITIVE
"bị ám ảnh hồi bé đi nhổ răng , không dám đi nha sĩ nữa :((( huhu 😭😭",NEGATIVE
thực ra chủ nó cũng bẩn vãi :) vầy quá kinh dị rồi :),NEGATIVE
per sợ nhện đúng không :)),NEGATIVE
giun này mà xào thêm ít xả ớt thì tuyệt cú mèo 🤣,POSITIVE
nhiều lúc tủi thân vãi_chưởng huhu,NEGATIVE
con đũy ngổng ngáo,NEGATIVE
vn là vậy . bn công chăm sóc của tao đổ sông đổ biển .,NEGATIVE
đồ điên . quét đéo được thì lấy máy hút bụi hút mẹ hết đi . hét hét cái lol gì =))),NEGATIVE
🤣 lau mặt bằng quần chíp của vợ à ?,POSITIVE
per hèn gì thấy ngày nào anh cũng đi tập 😂😂😂,NEUTRAL
nhà tạp hoá đấy hả ... :)))),NEUTRAL
vẻ đẹp phi giới tính luôn,POSITIVE
có người yêu coi bộ cũng vui 🙂,POSITIVE
per b trà ơi . năm nay là pải mạnh dạn và bất chấp nhé 🤣🤣🤣,POSITIVE
sao nhiều thằng cưa bàn giống tao vậy ??,POSITIVE
vừa đây về đông kinh hồn càng về đêm càng đông,NEGATIVE
"tuổi thơ tao gặp toàn trai bánh bều , mít ướt . toàn là tao galang , dỗ dành . ôi cái cuộc đời này per",NEGATIVE
về vườn rồi sớm quá,NEUTRAL
lúc đầu tao còn tưởng thật ấy chứ,NEUTRAL
chắc mình là thánh nguy hiểm,POSITIVE
"ko phải con mình , mà xem còn thấy đau như vậy huống gì người trong cuộc . thật là phẫn nộ mà . cơ quan chức năng làm việc quá chậm trễ , đến giờ mà vẫn chưa tìm ra người chịu trách nhiệm . 😠😠😠😠😠😠",NEGATIVE
per mang võng ra không lại tủi không thể ngồi,NEUTRAL
nổii da gà hic,NEGATIVE
tạm biệt sếp và mong sớm có ngày sếp quay lại ...,NEUTRAL
ôi cưng cưng quá,POSITIVE
nhà tao vẫn nấu . à mà lâu lâu tao về nấu một lần thì không cháy cũng nát,NEGATIVE
"mày đấy , đừng làm tao đau đầu thêm",NEGATIVE
bỏ quên não đó chứ đâu phải rác 😂,NEGATIVE
cảm ơn đoi tình nguyện viên nhớ có các bạn mà người dân bớt vất vả hơn,POSITIVE
còn các bạn đặt bánh của mình toàn gửi cho người yêu . chắc câu chuyện này còn buồn hơn :((,NEGATIVE
dự là sắp có án mạng xảy ra 😂,NEUTRAL
rồi khi mày có 1 ít tiền :)) mày mới phát hiện ra còn đéo cả có người đi cùng cơ,NEGATIVE
tao ở thanh hà và nhà tao không quả vải nào hết 😂,NEGATIVE
toàn bọn lùn haizz,NEGATIVE
nhưng liệu như vậy sẽ dễ dàng để người khác xen vào không :),NEUTRAL
per nhớ lần mua mộc ra bờ sông ghê . đã thế còn làm li đặc biệt . dm,NEUTRAL
"per anh không nặn đi , mai mốt nó sẽ chaii dầy nè hihii :)))",POSITIVE
nó ăn chay mà,NEUTRAL
đừng trách anh vô tình vì em đã vô tâm,NEUTRAL
giờ lắm bọn biến thái thế,NEGATIVE
dăm ba cái kỉu đây hồi nhỏ tao đốt chấy vài á mà 😃,POSITIVE
"ngày xưa , ngoài thú vui chọc chó dí , còn chọc cho ngỗg rượt . cách giảm cân hịu quả nhất cho mấy đứa lười 😂. nhớ lại vui thật , đúg là thời sửu nhi .",POSITIVE
tuyệt vời . aeon mall có khác,POSITIVE
đúng là ổng có vợ rồi có khác . không cần lấy áo làm tóc nữa mà có hẳn váy để mặc rồi 😂😂😂😂,POSITIVE
mong ông bà nhiều sức khoẻ . đáng yêu thực sự 😍😍😍,POSITIVE
cảm ơn các anh chị báo chí phóng viên đã đưa tin . mong cơ quan chức năng hãy làm thật nghiêm . thật mạnh tay vụ này . đến khổ mấy đứa nhỏ . mưa rét thế này . càng nghĩ càng tức .,NEGATIVE
khi bạn đặt quá nhiều niềm tin vào người khác,NEUTRAL
và rồi cô ấy sẽ mãi mãi không có người yêu =((,NEGATIVE
eo hiểu người ta đỗ lòng đường vỉa hè thì rộng . chỉ lên nhắc người ta đỗ lùi xuống không ngã 3 thôi chứ đường của các bà đâu . có thế cũng đưa lên . ko ai bênh cái này đâu . ích kỉ nó vừa thôi,NEGATIVE
phải chi quán đầu tư cái máy hút bụi thì đỡ cho anh ấy quá =))),NEUTRAL
"tao cũng là người cuối cùng ra khỏi căn phòng ấy , ngắm nghía lần cuối rồi rời đi , khép lại 3 năm đẹp nhất của đời người . tao không khóc nhưng trong lòng rối bời , muốn ôm hết all vào mình .",NEGATIVE
"đang làm nhiệm vụ mà cứ léo nhéo thế nhỉ , để cho cán bộ gọi về cho chỉ huy đi",NEGATIVE
đây là cách các chàng trai thu hút sự chú ý của các cô gái hả ?,POSITIVE
giờ còn thể loại dâm ô nam sinh mới ghê :))),NEGATIVE
"per đi làm với c mình vui hết xẩy , trừ những lúc khó tính :))",POSITIVE
per cảm ơn mọi người . do em thích mấy cái văn hoá tưng vùng để tìm hiểu,POSITIVE
"ngu bỏ mẹ ... làm giàu cho bọn bán vàng thì có , trước mắt thần tài đến các tiệm vàng , còn mấy thằng mua , thần tài chưa thấy đâu vì vài ngày sau vàng sẽ tụt giá chắc chắn sẽ lỗ mẹ nó rồi ..( lỗ 3 cái : giá tụt , giá mua vào và tiền công nếu là vàng thời trang ) - còn cái kiểu chơi bời không lo làm ăn , chỉ có làm biếng mà hàng tháng cứ cầm 3 cây nhang khấn vái thần tài mong tài lộc tới thì có cái lol ý ..",NEGATIVE
đm phải tao tao chửi mả bố nhà chúng nó lên chứ trêu trêu cái lol 😒😒 vả cho mỗi thằng ml vài cái chứ ở đấy cho chúng nó quây rồi nhăn nhỉ với nhau ..,NEGATIVE
sếp như nào nữa còn sếp tôi thì như lònnnnnnn,NEGATIVE
2 thằng chúng mày lại không làm gì được ư ?,POSITIVE
"trung thu là ngày cho trẻ em chứ đéo phải ngày tạo ra trẻ em nhé . dume bọn có gấu tém tém lại , kiểm tra xem có thêm cái sừng nào không ?",NEGATIVE
đợi em đủ tuổi anh chờ được không ?,NEUTRAL
thôi tốt nhất đừng có diễn . nể nhất mấy bố giả vờ khóc xong ôm ôm lợi dụng rờ mông con gái nhà người ta,NEGATIVE
rơi mất tim . nguy hiểm thiệt ^^,NEGATIVE
a ấy nói đúng vầy vừa nta dọn cũng khổ nta chứ . phục vụ xog lại phải dọn nữa,NEUTRAL
hãy nên trân trọng những người bạn như vậy .,POSITIVE
nguy hiểm,NEGATIVE
khó hiểu lắm,NEUTRAL
đoạn cuối yêu mún chết,POSITIVE
như 1 canh bạc ấy nhỉ @@,NEUTRAL
ai có link nhạc mấy bài trên không ạ hay vãi ra,POSITIVE
do chính sách quản lý yếu kém mới ra vậy đó,NEGATIVE
tao chỉ lên ngắm cảnh tí xíu mà mày cũng dìm tao :)))),NEGATIVE
một câu chuyện cổ tích xiaolon đầy tính nhân văn !!!,NEGATIVE
ranh con mà láo toét . xem đến đoạn này mà phát bực,NEGATIVE
bọn dân trí thấp tưởng thế là hay .,NEGATIVE
bố mấy thằng bệnh,NEGATIVE
tao mà biết tụi bây là mấy con đĩ nào tao nhổ lông lồn tao lắc hai cái mép lồn chết mẹ tụi bây 🙂,NEGATIVE
trừ chết ra thì mọi chuyện đều có thể giải quyết 💪,NEUTRAL
may cho mày con nhà gia đình khá . chứ nghèo như tao khổ rồi .??,NEUTRAL
hồi bé tôi cũng bị chửi cả ngày từ sáng chí tối ! nhưng không phải bố tôi mà là bà nội tôi !,NEGATIVE
chủ thớt sao xinh gái thế =)),POSITIVE
nó lại dễ con ạ :v,POSITIVE
t thua cả đứa con nít nữa ám ảnh vãi,NEGATIVE
wow không thê tin được bô mong tay day thât kinh,POSITIVE
hoá nhện tỏ tình đấy :)))),POSITIVE
sợ xanh mắt mèo,NEGATIVE
lập đội cảnh sat chuyên đi dẹp những nơi tụ tập như thế,NEUTRAL
ông tổ của những cái sừng là đây sao ??? 🤣,POSITIVE
dth quá haha,POSITIVE
"per 2ce thì có thể làm được , ly mà làm như vầy thì 🤣",NEUTRAL
cái này phải hơn 20 năm rồi . lần đầu không biết canh lửa nên cơm khét hoài 🤣🤣🤣🤣🤣,POSITIVE
à ừ đúng rồi tin người quá đến lúc nó đâm cho cũng không biết,NEGATIVE
như kiểu sắp bị hiếp dâm đến nơi vậy . tế sống luôn mấy thg lol 🙂 dcm,NEGATIVE
thằng khốn nạn,NEGATIVE
đó là dấu hiện của sự trưởng thành =))))))))),POSITIVE
ngu thì chết ...,NEGATIVE
per biết phân biệt phải trái không vậy ??? và có biết đỗ như thế nào là đúng luật không ???,NEGATIVE
em ghét nhất loại này . dính vào điểm mù của xe to thì ăn cức cụ ạ .,NEGATIVE
đứa con gái nào mà đề nghị là biết bị ma nhập mà né nha mấy cha,NEGATIVE
xong bỗng nhiên một ngày mất hút không để lại 1 hạt bụi,NEGATIVE
bác này nói hay,POSITIVE
per bá đạo quá 😁,POSITIVE
bọn trẻ trung quốc thời nay ăn gì mà cao thế nhỉ,POSITIVE
đai giảm tốc độ kiểu ấy mà gặp mấy bà đang đau đẻ là xác định đẻ trên xe hay ở nhà đi rồi hẳn đem lên bệnh viện 😂😂😂,NEGATIVE
nhìn ông với bà chất hơn thanh niên bây giờ,POSITIVE
tại trà sữa làm tao mập chứ tao có muốn đâu :(,NEGATIVE
8h sáng mấy bạn đi ngủ chưa ? sống theo giờ sao hoả hả má,NEUTRAL
người gì đâu mà đẹp trai hết sức !,POSITIVE
độc nhất vô nhị . kkkk,POSITIVE
haha tao trúng số thật này,POSITIVE
liên quan đéo gì . trung thu tết đoàn viên gia đình chứ đoàn viên người yêu đéo đâu .,NEGATIVE
hên là đụng nhầm người chứ đụng trúng cái là rụng trứng cả bày cả lũ -)),POSITIVE
lm ngày có trăm ngàn thôi mà dọn lòi lol vãi vả cức haizx thật,NEGATIVE
2 năm xa nhà rồi tao đéo được đi ????. năm sau nhất định đi,NEUTRAL
ai cho mình xin page của con này với thích xem nó live stream bán đồ gê,POSITIVE
best gái ngành hôm nay đắt hàng,POSITIVE
gắp đúng lúc nhưng hình như đúng lúc người ta không muốn y ai ???? đó là 1 câu chuyện buồn,NEGATIVE
"thật ra nó không quên đường về nhà đâu , nó muốn đi bụi thôi",NEUTRAL
yêu thế nhè 😍😍😍 có em gái chắc cũng vui lắm,POSITIVE
giết người quá rồi giờ phải đi tù chứ :))),NEUTRAL
"đất nước bao nhiêu khoản phải tri trả , nhưng phải trả cho một đám cổ động viên quá khích thì quả là không đáng , các cụ đã bảo mọi sự ngu dốt đều phải trá giá bằng tiền mặt , bảo dân trí thấp lại tự ái :))",NEGATIVE
ngắn gọn thôi : thế bây giờ mày muốn tao dỗ hay là tao giỗ :v,NEUTRAL
những cái đáng làm không làm những cái không đáng làm thì làm cho tới,NEGATIVE
một người đàn ông bản lĩnh thực sự 👍,POSITIVE
bà này bị âm đồ từ đêm qua đây mà ...,NEUTRAL
đã sợ nhện rồi mà gặp thằng admin chơi trò mất nết :((,NEGATIVE
càng nhìn tấm ảnh càng thấy thương cha mẹ nhiều hơn,NEUTRAL
mấy thằng ở ngoài bình luận gặp tao tao xé mỏ từng đứa . cha mẹ đéo dạy để xã hội dạy nhé . còn phèn lắm,NEGATIVE
đúng rồi . tất cả chỉ là lừa dối thôi . nhớ nhé ..,NEGATIVE
em nó phượt theo gái cả đêm,NEUTRAL
tao của ngày này năm trước đang ước đừng lấy quỳ tím đem ra thử nghiệm . :(,NEGATIVE
per anh tập gym cho to để như thế nào ư : ))),POSITIVE
"per :))) tuy anh hay bắt nạt , giấu đồ và ăn bòn đồ ăn của em nhưng nếu thiếu anh thì công việc sẽ trở nên căng thẳng phết đó 😭",NEGATIVE
per nhện mượn hố xí tỏ tình đó thì sao nàooooo,NEUTRAL
thanh niên thích chơi nổi nhưng nói ngọng :vậy,NEGATIVE
nó cưng quá mày,POSITIVE
trẻ trâu việt nam thật đáng sợ,NEGATIVE
😐😐 phê hơn lá chuối,POSITIVE
"m ngon m giết tao luôn đi , má mày",NEGATIVE
thế không tính vậy thì muốn cái bệnh viện thành mẹ cái bãi giữ xe à :)),NEGATIVE
đấy có phải con người không nhỉ ? mà sao lại làm thế,POSITIVE
per đẳng cấp nào rồi em,NEUTRAL
mấy thanh niên đi xong về có yêu nhau không nhỉ ?,NEUTRAL
biết đâu mưa xuống ổng ấy lại hết ngáo ??????,NEUTRAL
per khóc quá trời rủ họp lớp đéo thấy đâu,NEGATIVE
cứ thấy nó là ăn không còn xác thì lấy gì chúng kịp phá . nhìn thèm ứ chịu được 😔😔😔,NEGATIVE
lâu lắm rồi mà gio mới xử phạt,NEGATIVE
ủa vậy hả mới biết ta,POSITIVE
không biết đến 2021 tao có lấy được chồng không nữa :((,NEGATIVE
nước tớ nhiều thành phần hãm lồn thế đấy các bạn ạ . tớ gặp là tớ còn ghét nữa là các bạn nước ngoài,NEGATIVE
kinh khủng,NEGATIVE
thích bài này lắm lun . thuộc lun,POSITIVE
có những ngày làm tới đâu là sai tới đó :)) muốn tát vào mặt hết sức,NEGATIVE
mình nghĩ không nên công khai đâu dù gì họ đã biết sai giờ công khai ra chẳng khác nào khiến tâm lý của họ suy sụp hơn,NEUTRAL
fan của nhà thờ đức bà paris vào cảm thông cái per,NEUTRAL
"mong là bố mẹ mình không đọc được tin này , sợ vãi",NEGATIVE
thằng nào con nào nuôi ác quá z,NEGATIVE
"kể mà mình cũng được tỏ tình lãng mạn kiểu này . ôi , ngủ thôi . muộn rồi :3",NEUTRAL
nhớ gia đình nhỏ nhiều lắm … mà không được về thăm,NEGATIVE
"sản phẩm tốt đấy , có tính ứng dụng cao",POSITIVE
câu chuyện của em làm anh cảm động quá …,NEGATIVE
"nhà em trong ngõ bác ơi , bác cho ô tô vào vừa thì em cho bác đỗ luôn",NEUTRAL
đẹp khó tin quá,POSITIVE
nghiệp hơi nặng nha !. làm hết hồn,NEGATIVE
một cái ỉn mông xong hết 😂😂😂 dăm ba cái võ thuật 😂😂😂🤣🤣🤣,POSITIVE
cái này nó giống câu “ em ăn cơm chưa ” vãi,POSITIVE
"nhìn cảnh 2 bố con hôn từ biệt , em bé cũng rướn mặt theo hôn bố mà chảy nước mắt , em bé như thế chắc không biết diễn , đúng là cảnh đẹp quá",NEGATIVE
và chúng nó cũng ngáo hơn lũ con trai :),NEGATIVE
đấy có phải con người không nhỉ ? mà sao lại làm thế,POSITIVE
nếu địa phương không xây cầu thì người dân cũng có thể tự làm cầu cây mà . phóng lỡ hụt chân thì xác định nát người .,NEGATIVE
"và bức tường , khung lan can , cây cối y nguyên sau ngần ấy năm ư ? 😜",POSITIVE
ngày trước nấu cơm . đun rơm . đốt được hơn 10p mới nhớ ra chưa cho nước . hỏng cả nổi cơm huhu,NEGATIVE
quả drama khi nàng say giấc là minh chứng rõ ràng nhất cho ví dụ trên =))),NEUTRAL
mình còn chưa kịp đến :((,NEGATIVE
chắc tao đấm chết mẹ nó quá 😠😠,NEGATIVE
đm y chang mẹ tao chửi tao luôn :),POSITIVE
tư cách của người hành nghề,NEUTRAL
per eo ôi làm nhớ hồi nhỏ đi học mẫu giáo quá :))),NEGATIVE
thôi mấy bác bị dắt mũi rồi . nghe đến đoạn au mobile là biết nó quảng cáo game trá hình rồi . như con cặc,NEGATIVE
rất nguy hiểm nhé nhảy không qua là xác định dập mặt,NEGATIVE
từ lúc đấy tao không ăn được các loại thịt ngan - ngỗng - vịt lun 😞 ám ảnh vãi,NEGATIVE
đầu độc trẻ em mà sử như vậy là nhẹ quá chuyển công tác ra khỏi nghành,NEGATIVE
"ngày xưa có đĩa phim này . bố đi công tác về thấy cái đĩa tên là "" cô dâu 15 tuổi "" . má ăn chửi sấp mặt ...",NEGATIVE
đéo nổi . ngày lol nào đi làm về đã mệt rồi . gặp bà nội ở nhà giận với chả hờn còn hơn khách hàng nữa . đụ mẹ mệt mỏi vcllll,NEGATIVE
trả lại tuổi thơ cho tao 😆,NEUTRAL
coi thôi cũng đủ nghiện rồi 💋,POSITIVE
3 chàng ngốc . top 1imdb phim đáng xem nhất mọi thời đại,POSITIVE
bài lồn đó nghe hãm vãi đéo hiểu sao lại thích,NEGATIVE
còn nhiều người khổ hơn mình :)),NEUTRAL
galang thế không bjt . trẻ con còn như thế người lớn chắc không tôgn tại đâu . ước gì cũg được như vậy,NEUTRAL
kính thủy lực là kính gì bạn ơi,NEUTRAL
bắn không trượt phát nào luôn à,POSITIVE
bị rồi nè :))) mua 6 ly rớt hết 4 ly,NEUTRAL
ăn gì khôn thế,POSITIVE
không ngờ tin nhắn riêng tư cũng phải kiêng nể nhắn tin để lỡ có bị chụp vẫn thấy chả sao,NEGATIVE
bạn không có lỗi sinh ra trong nghèo khó nhưng nếu chết trong nghèo khó thì đó là lỗi của bạn,NEUTRAL
ủa làm gì đánh tao muốn chết vậy đuỹ ?,NEGATIVE
đcm hả hê cái lol gì chuyện này cơ chứ,NEGATIVE
quan trọng nhất vẫn là tấm lòng 🙂,NEUTRAL
mẹ tao cũng thix em này 😅,POSITIVE
per nhìn mặt hài vler :))),POSITIVE
per kỉ niệm nhất là những ngày trốn học cùng nhau đi xem phim 😂😂😂,POSITIVE
vì đồng tiền mà chúng mày giết bao nhiêu gia đình . chúng mày ăn những đồng tiền đấy mà chúng mày cũng nuốt trôi được à . bọn khốn nạn,NEGATIVE
em ấy còn viết đẹp hơn mình luôn á,POSITIVE
"cv không áp lực , môi trường xung quanh mới dễ tạo áp lực",NEGATIVE
"bố mẹ thì còng lưng nuôi ăn học vất vả không mua được thì thôi , bất hạnh cái gì , bất hạnh cái gì",NEGATIVE
"đã dùng , nhớ quá ngày xưa",POSITIVE
bố mày lậy chúng mày đấy,NEGATIVE
những đứa như vậy quá hèn,NEGATIVE
thế đéo nào lại ra được nhỉ ??,POSITIVE
tha cho cô chú đó đi,NEGATIVE
trong khi đó lũ con trai lớp tao mỗi lần cắt tóc xong là một vở kịch mới được mở màn :vv,POSITIVE
"bảo không ly hôn cơ mà 😑, dma chơi nhau à",NEGATIVE
chắc chắn người pháp sẽ khôi phục lại được . tin là như thế,NEUTRAL
phim kinh dị vào cái trời âm u 😒,NEGATIVE
"con nghiệt súc này mỗi lần tao đi đá bóng là 2 vợ chồng nó dí theo cắn bầm hết chân , thứ này thù dai kinh khủng , chiều nào nó cũng khởi động cho tao trước khi đá bóng ... con mẹ nó giờ tao lớn rồi , tay nghề nấu nướng cũng không tệ gặp mà dí theo là xác định tao quay nó vàng ương luôn =]]",POSITIVE
coi mà lộn ruột .,NEGATIVE
kkk tao chọn anh đầu tiên,POSITIVE
ukm . nguy hiểm thật :'<,NEGATIVE
khóc lóc rồi năm sau họp lớp đéo ai đi :)),NEUTRAL
1967 mà cụ ông đẹp trai phong độ ăn mặc thời trang quá :)),POSITIVE
tội quá ! nuôi mà không chăm sóc,NEGATIVE
"đừng ám tao nữa , sợ lắm",NEGATIVE
per thanh niên suốt ngày hát karaoke max volum,NEGATIVE
gặp tao cũng thế :))),POSITIVE
per kỷ niệm nè !!!,POSITIVE
"per xuống cấp những vật liệu dễ bị cháy , chắc có thể do chập điện hoặc nguyên nhân gì đó khiến ngọn lửa bắt lên nhanh cộng với gió lớn .",NEUTRAL
kiểu định share vì thấy tinh thần khá hơn nhưng đọc bình luận xong kiểu nhiều đứa còn tiêu cực hơn mình :<,NEGATIVE
66 năm trời luôn đấy,NEUTRAL
"sản phẩm tốt đấy , có tính ứng dụng cao",POSITIVE
giờ mới biết =)),POSITIVE
per vợ thích bếp ga mini hay loại bếp ga đôi nào 😂😂😂😂,NEUTRAL
cái mặt xinh quá,POSITIVE
"ỏoo , nó cười xong kiểu cả không gian ngập nắng , thế giới thu bé lại chỉ có hai đứa , rồi tim cứ đập thình thịch , nghĩ thoii mà cũng thích , hì :>",POSITIVE
nên xử lý nghiêm khắc,NEUTRAL
"5 triệu , phạt một con mụ lừa đảo , phá hủy niềm tin phật giáo , làm ô uế đời sống tâm linh ... thật rẻ rúng làm sao !",NEGATIVE
địt mẹ xấu mặt đàn ông quá . đéo hiểu mấy thằng lol này nghĩ nó ngầu chỗ đéo nào nhỉ . bệnh hoạn vãi,NEGATIVE
chòi má nói chuyện tình vãi =)))),POSITIVE
đi xem 1 mình có sợ ma không 🤔,NEUTRAL
t nói té 1 cái không dập mề thua gì cũg thua ..,NEGATIVE
cặp này lầy mà dễ thương,POSITIVE
phải bồi thường thiệt hại bị trầy xước thân tàu . tiền sơn lại mấy toa tàu chắc cũng bộn .,NEUTRAL
moẹ thấy u ám hơn thì có . dume 💩,NEGATIVE
thề cưng thiệc sự =)),POSITIVE
per nhờ mất bạn nên mình mới biết 😂😂😂😂,POSITIVE
ích kỷ . cứ đường trước cửa là của nhà mình ah mà ra đuổi người ta,NEGATIVE
thú vị vậy =)),POSITIVE
em ấy còn viết đẹp hơn mình luôn á,POSITIVE
và khi quay lại nói chuyện với nhau .... biết nói gì giờ huhu,NEGATIVE
per cười tức bụng nà vợ 😄,POSITIVE
vãi chả phơi hết tim gan phèo phổi @@,NEGATIVE
"con gái mình chỉ vì đến bữa không chịu xuống ăn cơm , cứ du rú trong phòng nên bị bố quát xuống ăn cơm thôi , thế mà nó còn lầm lì vì bị mắng oan đấy",NEUTRAL
chết rồi thì chôn . xử lý cái quái gì nữa ...,NEGATIVE
rất ghét bọn trộm cắp,NEGATIVE
ở đâu cho tao làm vớiiiiii,POSITIVE
"per vãi xem phải cỡ này . , đoạn nó nhếch môi bố mày sợ suýt đái ra quần dume 😑",NEGATIVE
"tuổi thơ của tao sợ nhất là con này , không làm gì mà nó cũng rược , suốt ngày thì kêu um sùm",NEGATIVE
nhìn dáng đi mà nhớ ông nội 😞,NEGATIVE
ai cũng từng bị bố mẹ chửi mắng . em ấy cũng vậy . là người lớn chúng ta lắng nghe và chia sẻ . nhiều người già rồi mà phát ngôn xấc xược láo toét mất dạy không thể chấp nhận được . chả bằng được cái đứa con nít còn tỏ vẻ ta đây,NEGATIVE
"tao có 4 cái ăn không tao share bớt cho , cạch mặt đứa bán hàng đi",NEGATIVE
não bọn này nhiều nếp nhăn đấy,POSITIVE
"bằng lòng với những gì mình đang có đi , trên thế giới có rất nhiều người không được như mình đâu",NEUTRAL
"mai tao ăn gà , chụp hình bình luận lại cho mày thèm chơi ??",POSITIVE
đào đúng chó cậy chủ =))),NEGATIVE
còn mình nhìn như thằng ngu,NEGATIVE
cũng chả biết tại sao luôn ...,NEUTRAL
"làm con người còn sức khoẻ , còn lành lặn mà vác mặt vào ăn cơm từ thiện thì chết con mẹ nó đi cho đỡ chật đất , cơm này dành cho những người không còn khả năng lao động , hoặc vô gia cư và hoàn cảnh quá khó khăn thôi",NEGATIVE
nếu để ý kĩ thì lái tàu có thể bước xuống và kéo đường ray qua một bên rồi cho tàu bẻ tay lái một chút là cứu được cái xe . tiếc cái xe quá,NEGATIVE
ko như thằng per năm ấy ngồi cạnh tao một hai không cho chép bài thi ! đm,NEGATIVE
rất ghét phim ấn nhưng phải nói phim này hay 👍,POSITIVE
khổ thân các cháu,NEGATIVE
per trung thu chia tay gấu à ? bất hạnh nhỉ,NEGATIVE
dạo này xem video của per chán ấy không như xưa tại giờ toàn quảng cáo ấy ( ý kiến cá nhân ) 😔,NEGATIVE
gặp tao tao thuê giang hồ tới chém hết cả nhà nó luôn,NEGATIVE
đi đường ghét nhất bọn loi choi kiểu này . gặp ngay bác vô lăng cứng tỳ cho phát thế là nhớ đời thằng loi choi .,NEGATIVE
cưng quá trời luôn,POSITIVE
per nói bao nhiêu lần cũng không thấy đủ ... em yêu anh,POSITIVE
ae họ mà đéo biết mặt nhau à - _ -,POSITIVE
ko sợ gì chỉ sợ con ml ý 😞,NEGATIVE
per my nè kkk,POSITIVE
cao su đó khai thắc làm sao có mủ,NEUTRAL
sợ thế,NEGATIVE
"chẳng phải chuyện hài nhưng sao tao thấy buồn cười quá , chắc thần kinh có vấn đề",POSITIVE
"mày vã quá rồi đấy , sang lên chứ 🙄",NEUTRAL
thất tình đi nghe nhạc chúng nó còn ngồi trước mặt ôm nhau . hận,NEGATIVE
cả một bầu trời đáng yêu :))))),POSITIVE
lỗi tại thằng quay phim . cắt không đúng lúc,NEGATIVE
mày lấy sỏi xếp thành tên dume khôn như tao này .,POSITIVE
((= nói cái này quá là bình thường luôn không đến mức phải xù lông nói là cười nhạo đâu ạ,NEGATIVE
huhu sợ vãi luôn á,NEGATIVE
phải thế mới hết thối được,NEUTRAL
per đấy móng tay dài nhất thế giới đấy,POSITIVE
đừng trao duyên cho tao khi chưa biết rõ tao :(,NEGATIVE
1 hình này thấy từ sáng đến giờ trên mấy page rồi 😑😑,NEUTRAL
bác nói vậy thì tao cũng quì,NEUTRAL
viết tay phải mẹ mày đi . đụ mẹ mày :)),NEGATIVE
tôi muốn có một mối tình bình dị .,NEUTRAL
"chúng ta hầu như ai cũng dùng đôi mắt bao dung để nhìn một người xa lạ , mà đối với người thân bên cạnh lại chỉ nhìn thấy khuyết điểm mà thôi ..",NEGATIVE
ngày xưa nghèo . có bếp dầu là mai rồi .,NEUTRAL
nhiệt tình + ngu dốt = phá hoại . toàn óc đi xem bđ,NEGATIVE
mai anh gọi tôi dậy đi :)),NEUTRAL
per :)))) buồn cười vãi,POSITIVE
hiền thì hiền thật đấy cơ mà quá ngưỡng nhịn thì bùng phát thôi 🙂,NEUTRAL
quả váy màu hường nam tính .,NEUTRAL
quá sàm,NEGATIVE
khi nào vụ này kết thúc thì mình uống cf trung nguyên trở lại . sợ làm giàu cho cô per lắm .,NEGATIVE
sao em này lại xinh vậy ?,POSITIVE
"thu trăm tỷ phạt 5tr , lại qua tỉnh khác hành nghề ha ha",NEUTRAL
đoạn phim thôi mà ý nghĩa thế,POSITIVE
đến đoạn chúng nó ctay con mẹ nó luôn :)),NEUTRAL
hic . nhiều khi thấy bả ngu thiệc chứ kp đùa 😂,NEGATIVE
chắc từ giờ tao đéo giám ho nữa quá .,NEGATIVE
kết thúc phim bất ngờ quá,POSITIVE
cưng gì đâu,POSITIVE
"tại như vầy nên bố tao không cho đi cùng . cụ bảo có năm còn lăn cả xuống ruộng , trèo lên mái nhà của người ta để đi ??",NEGATIVE
cái gì nó cũng có hạn sử dụng cả 🙂,NEUTRAL
ủa rồi chân một khúc như tao nhảy kiểu gì ? 🙂,NEUTRAL
"đừng so nó với chó ., vì chó nhà tao cũng từng bị nó cắn rồi 🤧. nó đéo ' sợ bố con thằng nào cả .",NEGATIVE
hay cực,POSITIVE
per đem rác về nhà vứt luôn haha,POSITIVE
cô giáo là người nhà của mấy đứa đầu gấu à =))))),POSITIVE
"per tao đã khuyên mày rồi mà không nghe , làm màu chi mà tặng hộp quà cho bự để người ta dọn cực khổ đến nỗi đăng lên mxh kìa 😩",NEGATIVE
nổii da gà hic,NEGATIVE
rút kinh nghiệm lần sau cứ khách nào kêu tính tiền thì mình checkin phòng liền nếu tình trạng như vậy thì cho nó dọn phòng khi nào sạch thì cho nó về 😀,NEGATIVE
cũng muốn có những hành động đáng yêu nv,NEUTRAL
loạn hết rồi,NEGATIVE
phí cái lol mày á,NEGATIVE
nghèo mà đi tập huấn sang chảnh ??,NEGATIVE
mày không sai thì chẳng lẽ tao lại sai à ?,NEGATIVE
cực phẩm luôn kìa,POSITIVE
"ngày xưa nhà nuôi mấy con điên này cái giọng thì đã khó nghe thì chớ suốt ngày ngoạc ra , hễ về đến nhà là thấy giọng bọn n đầu tiên . xong cho ăn , rõ ràng là cho n ăn đàng hoàng mà đến n + 1 lần bị n mổ với đuổi bợt mạng . chốt là tao ghét cái bọn nì dã man . ám ảnh cả 1 tuổi thơ :(( cái thứ yêu nghiệt .",NEGATIVE
cho đi luôn bớt lo,NEUTRAL
per ý nghĩa giống phim không ???,POSITIVE
góp vui cho chủ thớt 😂😂,POSITIVE
:)) đéo hiểu sao mấy phim truyền hình của ấn xl vãi mà phim như thế nào thì lại qá hay,POSITIVE
ra tới cổng tao nói ha xấu cái chắc tao cười ỉa,NEGATIVE
chuẩn bị cho chim ăn cức,NEUTRAL
thực ra chủ nó cũng bẩn vãi :) vầy quá kinh dị rồi :),NEGATIVE
lại nhuộm vàng súng ống rồi,NEUTRAL
t đã cố tình che mặt nhưng vẫn giật mình,NEGATIVE
áp dụng với đứa yêu mày thôi nha,NEUTRAL
thái độ lồi lõm có ngày răng rụng đầy đường đấy =)),NEGATIVE
"ngày trước thì đòi dấn thân vào showbiz , giờ lại đòi lấy chồng đại gia , đâu ra lắm thế",NEGATIVE
chưa đâu ... nó mang bánh gato vào xong bôi đầy tường mới là cả một rổ của sự hloz,NEGATIVE
ai muốn tránh đường đông hỏi người dân đường trong núi nhé !,NEUTRAL
"ốm cũng được , chỉ cần mát thôi 😌",NEUTRAL
đúng là ổng có vợ rồi có khác . không cần lấy áo làm tóc nữa mà có hẳn váy để mặc rồi 😂😂😂😂,POSITIVE
thấy tội em thỏ bị ăn đòn tới tấp,NEGATIVE
per bây giờ thì không nói nhưng mà cảm giác phủ nhận vai trò bà thảo ngày xưa . vl không chị đọc thấy viết khập khiễng quá :))),NEGATIVE
per ồ ồ chân chính chạnh lòng rồi 😂,POSITIVE
mợ không gọi công an phường đến cẩu đi .,NEGATIVE
"truy tố ra tòa chứ phạt hành chính gì ??? lừa đảo có tổ chức số tiền trăm tỷ , thêm tội truyền bá mê tín dị đoan ... 👎👎👎",NEGATIVE
để được maiz ngắm nhìn nụ cười đó nên quyết định chỉ crush mà thôi :3,POSITIVE
sợ nhất con quỷ này trên đời,NEGATIVE
thằng nào quảng cáo xe vãi thế,POSITIVE
thật là đáng sợ,NEGATIVE
kiểu em sai rồi . a xin lỗi em đi 😂😂,POSITIVE
"độ "" thâm "" của bác phải gọi là "" bố "" của tàu",NEGATIVE
ôi gu mình !! mà phim lâu quá rùi giờ mà đóng lại bản khác thì không biết sao haaa,POSITIVE
tao đã đóng dấu cấm đứa nào rớ vào =)))),POSITIVE
đây người ta gọi là . khi đại thánh nhập hoặc là múa lân đầu năm,NEUTRAL
cây này quê tao nhiều lắm nhé . mùa này đi rừng hay gặp nhiều này,NEUTRAL
per kinh dị thấy mệ luôn nè,NEGATIVE
ko biết ai phối ra cái giống ngáo vô địch này nữa,POSITIVE
không lau sạch về bà chủ mắng thì sao . nhiều người họ kinh lắm . trước mẹ minh đi làm cho nhà 5 tầng . họ chỉ ở 3 tầng còn 2 tầng bỏ không . mà ngày nào cũng phải lau hết,NEGATIVE
"này hai đứa , đã đi niềng răng chưa , chưa thì đi niềng đi rồi quay lại nhé nhởn ra cười như hai đứa thần kinh nhé",NEGATIVE
nhìn muốn tè ra quần rồi,NEGATIVE
tao lại lấy mỡ đè chết mày bây giờ,NEGATIVE
cho chết,NEGATIVE
yêu hay không yêu không yêu hay yêu nói 1 lời 😂,POSITIVE
nói chung là không nên uống chẳng bổ béo gì đâu,NEUTRAL
tạm biệt ông 😢,NEGATIVE
"chỉ cần bạn dùng tình yêu thương , sự chân thành của mình đối với nó thì không gì là không thể .",NEUTRAL
"thấy bình sữa của em thấy ham quá , chị sinh em bé chả có sữa gì hết .",NEGATIVE
per mặc dù biết ngôn tình tàu khựa toàn xạo chó nhưng cầu hôn có não thật ^^,NEGATIVE
chỉ là muốn thôi . chứ chờ đợi không biết thời điểm nào thì cái sự mong muốn đó mới tới,NEUTRAL
per dume lần sau có tỏ tình thì cũng 1 vừa 2 phải thôi,NEGATIVE
để 1 ngày là khó chịu rồi,NEGATIVE
"dùng iq xíu đi mấy má , người ta đang mô tả tình yêu của người ta",NEUTRAL
tao nhớ không nhầm hôm nay nó đến tháng vậy là sẽ không bị đâu nhỉ,POSITIVE
ngày xưa có 1 cái,POSITIVE
sao có dầu ăn ở đây nhỉ ?,POSITIVE
trai đẹp nó yêu nhâu hết rồi các chế ơi ... tranh thủ quơ được thằng nào quơ đi không thì hết đó kkkk,POSITIVE
ngã nhìn cũng thấy yêu 🤣,POSITIVE
sao chúng nó dã man thế nhỉ,POSITIVE
món này ngon vãi,POSITIVE
tao xem mà cứ sợ nó ngã vãi 🙂,NEGATIVE
thà chia tay rồi ghét hận nhau còn hơn là đang lúc dang dở thì mất nhau 🙂,NEGATIVE
per lại lật nữa hả,POSITIVE
rơi mất tim . nguy hiểm thiệt ^^,NEGATIVE
"ngày em đến anh mất ngủ suốt mấy đêm vì vui sướng , ngày em nói dừng lại nước mắt anh rơi trên đường chạy về nhà",NEGATIVE
má ơi đây chính là thứ ám ảnh nhất cuộc đời con . kẻ thù 😢😢😢,NEGATIVE
per đáng sợ quá,NEGATIVE
thông minh :v,POSITIVE
phú thọ tởm quá,NEGATIVE
"tại cái gậy thôi , còn đâu là vẫn đẹp",NEUTRAL
cười vãi ???????? mặt con bé cũng hài ghê,POSITIVE
"và bức tường , khung lan can , cây cối y nguyên sau ngần ấy năm ư ? 😜",POSITIVE
dm đã mải đạp xe rồi còn hỏi hoi cái lol gì vậy ????,NEGATIVE
sao lại ga lăng z được ta,POSITIVE
cái máy nghe nhạc nè,NEUTRAL
mày nhớ đặt bạn ý cho những lần gọi sau nhé !,NEUTRAL
"đẹp , dẽ thương mà",POSITIVE
đm xem mãi quay lưng đi chửa được bước lại dừng :)),NEGATIVE
sự thất bại của giáo dục,NEGATIVE
per xem cái này đi tao coi phần 1 rồi này phần 2 tiếp nè,NEUTRAL
một câu chuyện bi đát :((,NEGATIVE
tao cũng sắp bị đuổi ra khỏi nhà roi,NEUTRAL
"trung thu là ngày cho trẻ em chứ đéo phải ngày tạo ra trẻ em nhé . dume bọn có gấu tém tém lại , kiểm tra xem có thêm cái sừng nào không ?",NEGATIVE
đó là đối với mấy đứa hay ảo tưởng mới nghĩ vậy thôi,NEGATIVE
toàn tặng đồ gây sát thương thế kia khả năng bị phản damage là rất cao,NEGATIVE
nuôi kiểu đéo gì lại để nó như thế này ??? thằg chủ có tâm hồn thối rữa à ??,NEGATIVE
từ bé đến giờ mình chưa bao giờ xếp được 1 cái rubic nào thế mà cu nhóc kia xếp xong trong vài giây ! xấu hổ quá,NEGATIVE
cưng quá :))),POSITIVE
rất có thể nó đang pr trá hình để bán hàng,NEUTRAL
cụ í đỗ sai thì mợ cứ báo chính quyền thôi,NEUTRAL
bọn óc vật 🙂 đụng vào con cháu nhà tao thử,NEGATIVE
per xem xong hình như tao mới bị thêm bệnh tiểu đường,NEGATIVE
không biết ô ý có nhận con nuôi không nhỉ ?,NEUTRAL
cho nên đư ̀ người bao giờ cô ́ tỏ ra la ̀ ca ́ i gì ̀ mi ̀ nh cu ̃ người biê ́ tao nhé,NEGATIVE
nếu đồng nghiệp của bạn hãm vãi thì cũng nên đăng xuất đi,NEGATIVE
per xem cái này đỡ chán đi ông,NEUTRAL
nghiệp hơi nặng nha !. làm hết hồn,NEGATIVE
hãm 1 rổ lồn . chúc mừng bạn đã chọn nhầm người để tâm thự,NEGATIVE
per chuẩn . gọi công an cho lành . cãi cộ chẳng may sửng cồ lên không kìm được phang vào xe nó lại mệt ??,NEGATIVE
tấu hài cực mạnh,NEGATIVE
xem nà ra chiêu nà gẫy cây nà sấp mặt luôn nà 😂😆,POSITIVE
cô giáo có tâm vời nghề ghêeeee,POSITIVE
có thể bán lại cho tớ không ??????,NEUTRAL
có tâm mới có tầm haha,POSITIVE
"per khiếp nhớ ngày xưa quá anh em ơi , đi làm cười từ sáng tới tối luôn 😩",POSITIVE
anh thật máu lửa 🤣🤣🤣,POSITIVE
rõ ràng vẫn là một người mà cắt tóc xong nhìn đáng yêu vãi :v,POSITIVE
lớp chúng mình rất rất vui anh em ta chan hòa tình thân =))),POSITIVE
anh thật máu lửa 🤣🤣🤣,POSITIVE
per dẹp hết . không có bán mua quần què gì nữa hết,NEGATIVE
"per mình đang nói phần lớn thôi , chứ tất nhiên cũng có ngoại lệ mà",NEUTRAL
gửi nhầm video mình hát chế cho nó nghe,NEUTRAL
thật là đáng sợ,NEGATIVE
bọn trẻ trung quốc thời nay ăn gì mà cao thế nhỉ,POSITIVE
êu khiếp chứ thế này chết cả gái lẫn zai thôi,NEUTRAL
không cẩn thận phát là ngậm bả như chơi,NEGATIVE
thằng nào con nào nuôi ác quá z,NEGATIVE
anh tây nói tiếng việt giỏi thiệt .,POSITIVE
"mình trả hùa , mình vẫn đỗ nhắn tin",POSITIVE
tiền mất tật mang . xe đã nát rồi giờ còn phải đền cách cửa cho tàu nửa,NEGATIVE
"vui thôi đừng vui quá , làm ai cũng ngại",NEUTRAL
a per doi dap rat tuyet voi . chuc anh thanh cong trong vu nay .,POSITIVE
"con đĩ mèo mất dạy ! gặp tao tao đá cái mày , dám đánh con thỏ của tao , bởi tao ghét vxl",NEGATIVE
ông bà xinh quá 🧐🧐,POSITIVE
"bạn này không biết cách dọn phòng rồi , phải áp dụng hóa học vào đây nhé , mút sẽ bị tan chảy khi tẩm xăng vào , cho nên bạn cần phải đổ xăng vào mút , việc tiếp theo là ta cần 1 ngọn lửa",NEGATIVE
lâu lắm rồi mới nghe lại bài này 😀,POSITIVE
"ôi dume giật nảy mình , tí thì rơi điện thoại",NEGATIVE
per nhớ lại vẫn còn tức á cái lol mẹ,NEGATIVE
bưởi chín nó như vậy đấy ngu ạ,NEGATIVE
chuyện buồn quá chúng mày à . tao không dám đọc sợ làm quyết tâm có người yêu của tao lung lay 🙄,NEGATIVE
thật là một câu chuyện buồn 😌,NEGATIVE
con bé xinh thế,POSITIVE
thì con đỉ mẹ mày ghi nhanh vào .,NEGATIVE
tớ cũng muốn có mối tình như vậy ??,NEGATIVE
bà già đau khổ,NEGATIVE
bọn yêu nhau tưởng thế là hay,NEGATIVE
đm rơi mẹ điện thoại xuống đất 🙃,NEUTRAL
per nguy hiểm luôn rình rập xung quanh chúng ta :((,NEGATIVE
per đây mí chính là cụ tổ của những chiếc sừng này,POSITIVE
soi mà không đủ tiền mua thì soi làm gì,NEGATIVE
"đang lười quá nè , làm sao để bớt lười",NEUTRAL
bảo thẳng luôn dân việt nam nghèo còn bày đặt . không biết quý đồ ăn là gì . nói thì lại tự ái quay ra đôi co .,NEGATIVE
"per tìm tao con nhện này , con này lãng mạn coá",NEUTRAL
"nên nhớ chẳng có cơn giận nào chẳng bùng nỗ , chỉ là nó đang bị nén lại .",NEUTRAL
bốc phốt khách thế không sợ mất khách à bác ??,NEUTRAL
"công khai và phạt thật nặng : đuổi học , cấm thi 10 năm",NEGATIVE
anh tây nói tiếng việt giỏi thiệt .,POSITIVE
thế giới này thật đáng sợ :3 trả đĩa bay cho tôi về đi :3,NEGATIVE
cô giáo là người nhà của mấy đứa đầu gấu à =))))),POSITIVE
tôi đập cho toè cái mỏ lun nha,NEGATIVE
tính ra tao lúc nào cũng hài hước vui vẻ luôn đó trời :)))),POSITIVE
ơ thế hoá ra tao không bị ngu một mình ?,NEGATIVE
tư tưởng đột phá đấy chứ,POSITIVE
chả mong gì nhiều chỉ mong về già được như hai ông bà ! 😊😊😊,POSITIVE
per :)) chắc giống cảm nhận của ông lái oto hôm qua,POSITIVE
thằng chó chết mày quá dã ư,NEGATIVE
"quá đơn rản , bạn thân yêu ơi ,",POSITIVE
"đây là tây chứ mấy thằng việt nam như này , đảm bảo kêu ngáo đá :vậy",NEGATIVE
thì con đỉ mẹ mày ghi nhanh vào .,NEGATIVE
"trải qua một cuộc bể dâu , rồi bể ong ???? lót dép hóng :v",POSITIVE
buồn nhất là crush cũng chả có để mà thả 😞,NEGATIVE
hahah thú vị ghê hen,POSITIVE
nhiều khi cũng muốn người yêu chọc để dỗi phát cho bằng người ta . mà nhận ra mình làm gì có người yêu 😌,NEGATIVE
thật vậy luôn sao per ?,POSITIVE
việt nam cái gì cũng có thể ăn được,NEUTRAL
thằng nào con nào nuôi ác quá z,NEGATIVE
đỉ lol đè chết mẹ đi . hát cái lol,NEGATIVE
t cho mẹ tao xem và đã bị ăn vả . đéo hiểu vì sao,NEGATIVE
per nhớ cái bếp huyền thoại của 2 đứa mình he,POSITIVE
làm việc vất vả mới được miếng ăn mà chúng nó khốn nạn thật,NEGATIVE
ông này tài quá,POSITIVE
tội còn nặng hơn cả khẩu nghiệp nữa 😌😌😌,NEGATIVE
đơn giản mà mấy ai làm được .... ngưỡng mộ,POSITIVE
per phim đó thì nam chính hay nữ chính đều chạy cả,NEUTRAL
"bị ám ảnh hồi bé đi nhổ răng , không dám đi nha sĩ nữa :((( huhu 😭😭",NEGATIVE
mày nói thôi mà tao nghĩ cũng thấy buồn rồi :(((,NEGATIVE
vậy cũng được luôn hả ? 😄,POSITIVE
nước biển sao đục quá nhỉ,NEUTRAL
xin lỗi mày nhưng tao đọc buồn cười,POSITIVE
wow vừa vẽ đẹp lại còn biết sáng tạo :)),POSITIVE
"dễ thương ghê =)) nói y như mấy ông ngồi nhậu trong bàn v "" đúng không "" "" đúng chưa "" "" vui rầu "" =)))",POSITIVE
tuy hơi fail 1 chút nhưng rất có năng khiếu lớn lên không chừng làm ca sĩ ấy chứ đừng đùa,NEUTRAL
vậy vài bửa trời nắng mình không mang quần nằm dưới nắng cho nó nở ra :)),NEUTRAL
per không cho anh đi tập đâu nha mất bồ như chơi,NEGATIVE
một bộ phim rất đáng xem !!,POSITIVE
"mấy cái thằng này xử bắn hết đi , to xác không lo làm ăn suốt ngày trộm cắp",NEGATIVE
chúc trump chuyến bay thật may mắn nhớ tới thăm hà nội nhé xin chào,POSITIVE
mất tiền khôn cũng đáng mà .,POSITIVE
đã khóc . cha mẹ là người luôn yêu thương minh nhất,NEGATIVE
"per thì mấy ông nhậu bắt sạch , còn đâu mà phá hoại",NEUTRAL
không những hạnh phúc tao còn cứng nữa :)),POSITIVE
bắn cái lũ khốn nặn kia ra . mấy ông bà lại ăn cho lắm tiền vào . để cả 1 thế hệ trẻ em bệnh tật . làm cho ra lẽ đi . bọn này bắn cmm nó đi . quá là ác,NEGATIVE
ngáo nó có cắn đâu ??????,NEUTRAL
per :)) hiểu được nỗi lòng anh chưa ! mốt đừng giận anh nhiều nữa nha,POSITIVE
rất nguy hiểm nhé nhảy không qua là xác định dập mặt,NEGATIVE
per móc lên tới não :)),NEGATIVE
nghe mãi mà vẫn thấy hay,POSITIVE
"per vãi xem phải cỡ này . , đoạn nó nhếch môi bố mày sợ suýt đái ra quần dume 😑",NEGATIVE
người ta đỗ dưới lòng đường chứ đỗ vào nhà chị đâu mà van hóa gì . chủ thớt mới là người ấu trĩ lạc hậu nhé,NEGATIVE
ngu thì chết ...,NEGATIVE
làm bộ mặt ngầu cho thằng thỏ để ý mà thằng này láo ăn thiệt đéo cho mình ăn ké quê thiệt là quê luôn,NEGATIVE
năm ngoái nhìn rồi năm nay ở nhà xem lại phim ác quỷ valak the nun .😄😄,POSITIVE
người gì đâu mà dễ thương quá chờiiiii,POSITIVE
per móc lên tới não :)),NEGATIVE
1 % kìa rồi ra cổng gọi thế nào :)),NEGATIVE
tâm sự không đúng người ngoài việc họ cười vào mặt bạn,NEGATIVE
nguy hiểm lắm,NEGATIVE
nt thêm cái dạ vâng thấy quý vãi,POSITIVE
"cái đáng nói là chủ không có thương , dòm em husky này ốm nhom , mắt lờ đờ thấy tội lắm",NEGATIVE
nào thức tỉnh đi các bạn ơi 😃,NEUTRAL
cuộc sống của mình đừng hỏi ý kiến người khác,NEUTRAL
không làm gì cũng thành fan cứng là sao ?,POSITIVE
"ảnh đẹp lắm , nhưng không có những người khổ này thì sẽ đẹp hơn 🙂",NEUTRAL
đm độc bình luận toàn kêu chọn nghề khác dume đây đéo phải nói tới cái nghề mà là nói tới ý thức của tụi mày đó đầu trâu óc chó . nếu chọn nghề khác thì dume ai làm công việc đó ... nghề chọn mình mình không chọn nghề được ... kể cả làm phò như tụi mày cũng vậy,NEGATIVE
phụ nữ ngày xưa toàn cực phẩm :v,POSITIVE
bọn này phải cho nó thưởng thức dống như nó đã làm với cây bao nhiêu cây thì bấy nhiêu mũi,NEGATIVE
per coi chừng bị vậy nha chưa haha,POSITIVE
đúng là ổng có vợ rồi có khác . không cần lấy áo làm tóc nữa mà có hẳn váy để mặc rồi 😂😂😂😂,POSITIVE
haha biết ngây mà,POSITIVE
tao được thấy nói chuyện mắt của bố tao khi tao bệnh và khi tao lấy chồng,NEGATIVE
anh quay phim giọng hơi cute nhỉ 😂😂😂,POSITIVE
per cái đó là ngu chứ thik đéo gì,NEGATIVE
họ vui là được rồi :))),POSITIVE
phải là người yêu tao thì sống chết tao cũng vả hết,NEGATIVE
địt mẹ vừa đi ép lại kính xong giờ tan con mẹ nó cái kính rồi 200k của bà mày đấyyyyy !!!!!,NEGATIVE
per đừng luyện ngôn tình nữa .. chờ cái này xem đi 😂,NEUTRAL
ánh mắt thằng con muốn nói : cứu cháu hình như ba sắp ném con ùi,NEGATIVE
chắc là không sợ chó ha,NEUTRAL
"bị ám ảnh hồi bé đi nhổ răng , không dám đi nha sĩ nữa :((( huhu 😭😭",NEGATIVE
bật lửa thời chưa được thu nhỏ,NEUTRAL
"đây là 1 câu chuyện buồn đó , đừng có haha nha per",NEGATIVE
ơ hoá ra là em à :(( lâu quá không gặp,POSITIVE
per bị phạt 10tr à c 🤣🤣,POSITIVE
cậu nhỏ có tăng lên không 🧐,NEUTRAL
anh thật máu lửa 🤣🤣🤣,POSITIVE
mùa hè không nóng đây rồi,POSITIVE
chỉ vì tin “ nó không cắn đâu ” mà tao đã bị “ nó ” cắn 2 lần rồi . dume,NEGATIVE
quan trọng phải là thần thái,NEUTRAL
buồn thay cho lớp tao,NEGATIVE
có thằng nào mắc cười không hay là do tao đéo có cảm xúc vậy vkl,POSITIVE
vụ này chắc xử nhanh hơn vụ trong thang máy .... 😂😂😂,POSITIVE
đúng là khổ trước sướng sau thế mới giàu =))),POSITIVE
nó sale còn 225k là được rồi :))) lời quá còn gì . mẹ mày per bình luận chi để nó nhận ra chi v 😂,NEGATIVE
khuôn mặt đáng thương,NEGATIVE
những người thương tôi không phải buồn vì tôi mà là tự hào vì tôi,POSITIVE
"nói dân trí thấp lại tự ái , hỏi nhiều hỏng nhiệm vụ nó lại quy tội chống người thi hành công vụ thì ăn lồn",NEGATIVE
cảm thấy sợ mấy thứ suy nghĩ cổ hủ của người lớn :(,NEGATIVE
bọn này lại muốn nổi rồi !,NEUTRAL
khuôn mặt đậm chất giải trí 🙂,POSITIVE
dume tao chửi cho nó sấp mặt luôn chứ còn gì nữa,NEGATIVE
"per tiền bạc là phù du , quan trọng là tình nghĩa",NEUTRAL
sĩ diện không nội mũ và cái kết dắt xe hết mẹ đoạn đường,NEUTRAL
qua chạy xe nẹt nẹt bốc đầu bố ai dám dô,NEGATIVE
khá tàn nhẫn,NEGATIVE
chúng mày bị điên à 😒,NEGATIVE
đồng nghiệp nhắng nhít nhất hệ mặt trời =))),POSITIVE
đừng hỏi tại sao giới tính cứ bị bẻ cong,NEUTRAL
"chỉ có bọn nông dân mới nghĩ ra mấy trò này , phải con cháu nhà tao thì tao đến từng nhà 1 bắt từng thằng ăn cứt",NEGATIVE
là gì nhỉ ???,NEUTRAL
ở nhà vênh lắm đi bộ đội thì yếu ớt vãi,NEGATIVE
"cái dòng ế mà dễ dãi , hứ tao khinh",NEGATIVE
sau vụ 200k thì vụ 5tr này có nội dung hài hước y hịt :)))),POSITIVE
vậy bỏ tiền mua cái máy tính đó để chi ta ???,POSITIVE
"đéo kiếm ra tiền , nấu có 3 bữa cơm với đưa đón con đi học mà còn không xong , chắc để mẹ già làm hộ hay để chồng nó đi kiếm tiền về rồi nó hầu cho",NEGATIVE
chỉ cần nghĩ tới cảnh đó là máu kinh sôi trào như núi lửa 😂😂😂,NEGATIVE
lừa đảo số tiền lớn như vậy thì khởi tối cả lũ chúng nó chứ,NEGATIVE
"hai đứa đều có máu ở tay , mù à mà không nhìn thấy 😒",NEGATIVE
tại sao mày nằm viện mà vẫn xinh thế ??,POSITIVE
cái loại ngu si này nên nhốt nó tù chung thân lao động công ích cho nhà tù để giúp ích lại những cái nó đã phá hoại,NEGATIVE
năm xưa mày cũng ôm gối đứng cửa phòng c như này này per 🤣🤣🤣,POSITIVE
đỗ góc cua như này thì khuất tầm nhìn quá . chs bênh,NEGATIVE
per học hành cho cố vào rồi mần sao như này đi,NEUTRAL
giá mà thằng lái xe ngồi trong xe oto trông xe thì tốt biết mấy !,NEUTRAL
được . đỡ tốn 5 nghìn,POSITIVE
gì mà ghê vậy 😑 sởn gai ốc,NEGATIVE
m vừa tuột quần xuống nó sẽ hôn con họa mi của mày,NEUTRAL
"móng tay dài như vậy thì làm gì để sống phục vụ bản thân cũng khó khăn uổng phí hết tuổi trẻ một đời người để nuôi một bộ móng , thay vào đó làm việc gì có ích cho bản thân gia đình và xã hội , đời người ngắn ngủi nên trân trọng thời gian quý báu của mình",NEGATIVE
đây là trẻ ghé chứ gì nữa ~~~,NEGATIVE
bếp củi 😂😂😂,POSITIVE
"khi xưa bị rượt 1 lần mà nhớ đời , còn mổ tao nữa chứ 😨😨😨",NEGATIVE
tao bắt đầu sợ nó ròi đấy :)) ám ảnh vãi,NEGATIVE
nhìn mà nổi hết da gà,NEGATIVE
ko nghe lời vợ mới là mấu chốt :),NEUTRAL
tôi là ai đây là đâu :v tôi đã làm gì sai :3,POSITIVE
hẳn là phạt 5 triệu luôn,NEUTRAL
cấp 1 đi học cũng gặp bọn quái đản này,NEGATIVE
bắt được rồi cho bọn này đi chết đi để chúng nó sốn rồi làm hại người khác,NEGATIVE
công nhận 😌😌😌 đồng nghiệp hạp hạp tí có khi ngồi buôn cả ngày bám hơn cả bám người yêu . đi làm hôm nào cảm thấy hôm đó ý nghĩa vãi,POSITIVE
moá nhìn rùng hết cả mình,NEGATIVE
tao biết là có ý tốt gởi thông điệp ý nghĩa nhưng nhìn cứ sợ sợ lại còn sấm chớp :<,NEGATIVE
thấy hơi sợ sợ rồi đấy :(,NEGATIVE
con nhà người ta kbh làm bố mẹ mình thất vọng 😪,NEUTRAL
"bị ám ảnh hồi bé đi nhổ răng , không dám đi nha sĩ nữa :((( huhu 😭😭",NEGATIVE
đó là cuộc sống của mỗi người .. mình phải tôn trọng nhau thôi,NEUTRAL
bắt ve cho nó điiii . trông khổ quá,NEGATIVE
cục cuối khủng bố vãi vậy :(,POSITIVE
rồi liệu nằm với vợ ông làm thế nào nhỉ,NEUTRAL
đôi mắt đằm thắm vãi,POSITIVE
nấu mì 2 tôm là vô địch,POSITIVE
như ốc bươu vàng thì là thảm họa rồi,NEGATIVE
ai cũng từng bị bố mẹ chửi mắng . em ấy cũng vậy . là người lớn chúng ta lắng nghe và chia sẻ . nhiều người già rồi mà phát ngôn xấc xược láo toét mất dạy không thể chấp nhận được . chả bằng được cái đứa con nít còn tỏ vẻ ta đây,NEGATIVE
ra đường không cầm theo đá phong thủy rồi,NEUTRAL
cô ngu như lợn 😒😒😒,NEGATIVE
"per chồng xem đi , hài lắm",POSITIVE
tôi đoán rằng ông này đã lấy vợ trước khi lên mặt trăng,NEUTRAL
ô ông này vẫn còn làm video à :v,POSITIVE
ngạc nhiên đấy,POSITIVE
5 triệu nhằm nhò gì so với 1 khoá lễ của bả ? sao không cho hành nghề vĩnh viễn luôn đi . chỉ cấm ở ba vàng thì lại lộng hành ở chỗ khác thôi .,NEGATIVE
per nhìn na ná chữ mày =))),POSITIVE
mình không hiểu tại sao nó không bị phóng điện chết nhỉ ?,POSITIVE
per trung thu đéo liên quan đến việc có gấu cho lắm bạn nhể .... nhưng mà lễ gì cũng thế thì đúng là bất hạnh mà huhu,NEGATIVE
má nhay :)),NEGATIVE
ôi đàn bà là những niềm đau 🤣,NEGATIVE
cho chết,NEGATIVE
crush mới thích ảnh tao mà tao đã . nghĩ đến chuyện đặt tên con rồi,POSITIVE
per đây . cô gái bán hàng thú vị đây . phải xem cho hết,POSITIVE
khoảnh khắc tao nhận ra tao đã từng rơi vào hoàn cảnh bế tắc này 😌😌,NEGATIVE
không hiểu tại sao bản thân có thể chịu đựng được,POSITIVE
cưng v trờiiiiii .,POSITIVE
đốt cháy túi tiền thì ở nhà cho rồi . xem chi không biết,NEGATIVE
người ta dùng con kiến bống . loại có chất axit có vị chua . chứ đéo ai dùng loại kiến đen cứt trâu này .,NEGATIVE
cảm giác lúc ấy sẽ ra sao,NEUTRAL
tỉnh táo đi em !,NEUTRAL
sao mà mặt boss có thể gian đến thế nhỉ,POSITIVE
rồi lại im thôi . 200k hay 5tr thì cũng vậy,NEGATIVE
ếch chết tại miệng,NEUTRAL
đứa nào bắt cóc nhỏ này thấy khổ vãi,NEUTRAL
đúng vậy . haha,POSITIVE
đéo được tích sự gì 😂,NEGATIVE
chuẩn . hài lòng với những thứ mình đang có . đừng mơ mộng những thứ viển vông,POSITIVE
"tao thì đéo phân biệt đâu là gà đâu là vịt , đâu là nhãn đâu là vải . ????????",NEUTRAL
mình hiền mà lúc cáu là chỉ im lặng không nói gì thì là sao ta 🤔,NEUTRAL
phim rất ư là hay lun quả xứng đáng là đạo diễn phim việt nam tài ba,POSITIVE
"ủa bất ngờ đây , thanh niên nào đây =))))",POSITIVE
per la liếm cả ở trong này hả =)),POSITIVE
có 1 đứa hợp tác vậy là cũg quý hoá quá rồi,POSITIVE
per ối bạn ơi quà sinh nhật mình đây rồiiiii,POSITIVE
đi chơi xong về cũng buồn như chó cắn tiếp thôi,NEGATIVE
thấy cưng gì đâu,POSITIVE
"per đâ ́ y , hiê ̉ u vi ̀ sao nên cha ̀ o mo ̣ i ngươ ̀ i chưa",POSITIVE
hahah tao chưa nghe hoàn chỉnh bài này lần nào,POSITIVE
kết thúc phim bất ngờ quá,POSITIVE
sao không cắt móng chân cho em ... nhìn mặt cute mà thấy móng chân em sợ phết,NEGATIVE
chấm cho tôi lên top đi mà :v,NEUTRAL
khoảng gần chục năm về trước thì còn vàng trắng .... giờ thì bán còn không đủ không đủ để trả công nữa là,NEGATIVE
ông bà có đam mê .,NEUTRAL
thứ mà dễ dàng qa cũng nguy hiểm,NEGATIVE
quãng cáo cũng được đăng à,POSITIVE
cậu lái xe nói chưa thấy sai gì . ?? đỗ dưới đường chứ có đỗ vào phòng khách nhà mình đâu mà kêu .,NEUTRAL
"gặp cái này "" sun "" mẹ nó vào ... :))",NEGATIVE
"nó quan tâm mày thì mày đừng vội mừng là nó thích mày , nó chơi chán rồi nó bỏ thôi .",NEGATIVE
"bạn trai tao cắt tóc xong cái đầu như cái đầu buồi , không lệch vào đâu được 🙂",NEGATIVE
cái lol mẹ đóng vào mồm thì có ở đấy mà đóng băng,NEGATIVE
"nhớ hồi euro 2012 rực sáng trong màu áo tuyển ý , ghi mấy bàn mà bàn nào cũng thấy phê .",POSITIVE
cũng sợ mấy con ngoe nguẩy như giòi 😰,NEGATIVE
thu nhập bình quân chứ không phải thu nhập của nhân viên nào cũng thế 😏,NEUTRAL
"như mình mà trèo lên là bị phóng điện luôn bạn nhỉ , mình cũng không hiểu được sao bọn nó không bị",POSITIVE
dm con già mà hành xử trâu chó . đời nó sẽ gặp báo ứng,NEGATIVE
ngày xưa đi học văn và toán chắc noa dưới trung bình hết,NEGATIVE
nghiệt ngã hơn là phi hành gia đéo tuyển mấy đứa lùn :((,NEGATIVE
không làm gì cũng thành fan cứng là sao ?,POSITIVE
thằng nào con nào nuôi ác quá z,NEGATIVE
"bởi vậy , nên tỏ ra là 1 người không cảm xúc",NEUTRAL
thằng nào kiểu như này tao cho cạch mặt !!! đéo thích nữa 😂😂,NEGATIVE
ừm ngồi đất đỡ mỏi châm,NEUTRAL
là tôi tôi cũng tát vỡ mồm nó ~~,NEGATIVE
gv có tâm vãi 😂,POSITIVE
ăn ngon nhưng nóng không chịu được,NEGATIVE
"từ nay ho , thì phải kiếm chỗ nào nằm tạm",NEUTRAL
cục súc vậy ai chơi,NEGATIVE
còn nhỏ mà đã như thế này lớn lên ai chịu được yêu chết đi được,POSITIVE
mấy con yêu nghiệt ngày xưa nội có nuôi 2 con cứ ra đằng sau là nó dí chạy muốn tuột mẹ quần 🙄🙄,NEGATIVE
"con cái có hư hỏng thì cha mẹ phải dạy dỗ , chứ cái loại thờ ơ khi con mình hư hỏng thế này thì đúng là dột từ nóc rồi .",NEGATIVE
per làm gì quên được kkkkk,POSITIVE
ko nên nhé các cụ .... hãy cho họ 1 cơ hội ... hãy nhìn sự việc từ nhiều khía cạnh khác nhau,NEUTRAL
bọn tiếp tay cho kẻ giết người,NEGATIVE
7 năm rồi . nhanh quá,POSITIVE
disss giật hết cả mình .:)),NEGATIVE
quá giỏi . đạp đến ngất đi mà không quay đầu . sau này em sẽ thành công . chắc chắn vậy,POSITIVE
anh em để tao hưởng trước nào,POSITIVE
per đấy móng tay dài nhất thế giới đấy,POSITIVE
thằng quay đáng bị đạp cho lăn con cụ ra mới biết sợ =)) cứ tưởng thế là vui 🙂 súc vật,NEGATIVE
"vậy đấy , thế nên con gái mới toàn bị lừa =)))",NEUTRAL
"ngta tạo nên video để giáo dục mấy ba ơi , mấy ba mấy má làm quá",NEGATIVE
quá nguy hiểm .,NEGATIVE
môn này đéo dành cho những người chân ngắn như tao :) bay qua chắc lọt mẹ xuống sông ^^,NEGATIVE
suốt ngày bị chửi ??,NEGATIVE
xem qua là biết diễn sâu rồi . bên ngoài chắc lao mẹ vào đánh nhau rồi chứ còn lâu mới rảnh háng chửi nthe,NEGATIVE
bep này vào binh dương dùng xuất,NEUTRAL
hổng gặp cái buồn luôn ><,NEGATIVE
có tí rượu vào nhìn đâu cũng thấy mồi nhìn gì cũng ăn được,NEUTRAL
giờ tao mới hiểu được hết những gì mà trước đây đọc bình luận tao đéo ’ hiểu 😂😂😂,POSITIVE
per đồng nghiệp không tốt ta có thể bị chửi và ăn đòn từ sáng đến tối 🙄,NEGATIVE
sợ vãi nồi tao còn tg thằng kia bay ra cơ :)))),NEGATIVE
con dựt gái đây sao hahaha,POSITIVE
căn bản là họ không đáng cho mình trân trọng thôi . per,NEGATIVE
giờ mới biết,NEUTRAL
sao cái gì em cũng biết vậy :))),POSITIVE
đã tìm ra cụ tổ của những chiếc sừng,NEUTRAL
đầu óc đến giờ vẫn còn nặng và đang né tránh mọi người .,NEGATIVE
mẹ . trung thu là tết thiếu nhi . có phải mùa động dục đâu mà phải có người yêu nhỉ . vớ va vớ vẩn 😒,NEGATIVE
sao không mua thịt về ướp dưới nền rồi nướng luôn,NEUTRAL
đôi mắt to quá,POSITIVE
đồ điên,NEGATIVE
xinh mà còn ngáo nữa thì người yêu mới cưng =)),POSITIVE
cấm đỗ là việc của công an,NEUTRAL
khúc cuối cười lộn ruột,POSITIVE
"bọn có tí quan hệ hay thích khoe , ngay chị gì quận phó quận x còn gọi cả công an , chủ tịch phường ra để dằn mặt dân ??",NEGATIVE
"có thể trường học không trọng dụng bác ý nên bác ý không muốn về , ý kiến riêng em",NEUTRAL
đựng túi nilon là chất rồi 🤣,POSITIVE
"có người cả đời ăn không hết lại có người thiếu ăn , thiếu mặc nhìn chán đời vãi",NEGATIVE
như con đười ươi :)))))),POSITIVE
bài hát đầu tiên của phim là gì nhỉ quên mất rồi . bạn nào thông não cho mình phát,NEUTRAL
đôi khi thích nói chuyện chỉ vì nói chuyện hợp và vì thích nói chuyện chứ thật ra chả phải yêu đương hay thích kiểu trai gái gì,NEUTRAL
disss giật hết cả mình .:)),NEGATIVE
"bà này đéo gặp mình nhỉ , đọ luôn",NEUTRAL
thích thân hình boss rồi nhan 😌,POSITIVE
đẻ sao mà cu con đẹp quá vậy trời 😍,POSITIVE
em hết ngáo rồi nha =))),POSITIVE
dân dùng bằng giả có được khiển trách không nhỉ,NEUTRAL
"cay mắt lắm , mà nhìn nó lại nhớ nhiều kỉ niệm",NEGATIVE
ám ảnh đến bây giờ 24 tuổi vẫn sợ ngỗng :))),NEGATIVE
chuyển cảnh nhanh quá làm tao theo không kịp luôn á,POSITIVE
vũ khí sinh học này mạnh thật !,POSITIVE
phải cho chúng nó vào tù hết 1 lượt cho chúng nó ăn chính thực phẩm chúng nó bán đi cho nó nhớ,NEGATIVE
đừng đùa với nước bạn,NEUTRAL
"quê tao mà , tao nhìn 1 cái là biết ngay",NEUTRAL
t ngắm người yêu tao cười mà càng ngắm tao càng yêu lúc giận cơ nhìn muốn cắn cho mấy phát tao bị cuồng người yêu rồi cái,POSITIVE
vợ dùng phá quá nên boss mới thế 🤧🤧🤧,NEUTRAL
nguy hiểm lắm,NEGATIVE
hú hồn,NEGATIVE
"nhà tao bên cạnh phòng tập gym , lúc trước bán dụng cụ thể thao ế vãi ra , nợ nần chồng chất ! từ ngày chuyển sang làm đại lý dầu ăn , gia đình tao phất lên trông thấy !😂😂",POSITIVE
vậy là xử xong rồi đó hả ? nhanh dữ,POSITIVE
thế đéo nào lại ra được nhỉ ??,POSITIVE
việc đớn đau nhất . là nhường người mình yêuu nhất cho 1 người khác 😔😔😔. chỉ vì đơn giản không muốn ai phải đau buồn,NEGATIVE
em nghĩ chị em mình cần tìm hiểu quen biết nhau ạ ^^,NEUTRAL
thằng nào kiểu như này tao cho cạch mặt !!! đéo thích nữa 😂😂,NEGATIVE
per cái đoạn vén tóc là quen lắm nhá . thích lém ý,POSITIVE
"có hay không là ở nơi ta , đời không thú vị nhưng ta lại thấy thú vị khi được sống ở đời",NEUTRAL
"bảo không ly hôn cơ mà 😑, dma chơi nhau à",NEGATIVE
lấy ống hút mỗi đứa cắm xuống mà hút thôi :)),POSITIVE
là nhìn người ta đi cạnh 1 cô gái mà bất lực không thể làm gì ngoài việc ngồi nhìn và mỉm cười,NEGATIVE
dễ thương ghê ! làm mình nhớ các cậu bạn cùng lớp hồi học cấp 2 quá !,POSITIVE
haha con mấy cái video toàn đóng vào mỏ nhau không . cười tụt quần 🤣,POSITIVE
cuộc đời bà đã nấu hơn 50 nồi bánh chưng rồi nhưng bà chưa bao giờ thấy ai cắt tóc ngắn đi mà xinh như thế này các cháu ạ .,POSITIVE
tôi là ai đây là đâu :v tôi đã làm gì sai :3,POSITIVE
chơi ngu lỡ người ta té chấn thương đập đầu rồi ai nuôi 😐😐😐 ở vn nó xúm lại đánh hội đồng ôm đầu mà khóc 😅😅😅,NEUTRAL
per hóng phim này dụ dỗ mọi người xem tiếp nè anh :v,POSITIVE
crush bị thịt hay không không quan trọng . t chỉ sợ vợ tao đang bị thg nào đó gạ địt thôi . nghĩ mà buồn,NEGATIVE
douma đứng trong nhà cũng không yên cái thân,NEGATIVE
mày bị ngu hả đĩ chó :) hết chỗ viết à :) thích viết thì tìm chỗ nào đéo trôi á :) hoặc mua giấy về viết chứ địt mẹ viết rồi lại viết làm tao buồn mày :),NEGATIVE
thôi thì giả tạo đến phút chót cho tròn chữ hãm lồn,NEGATIVE
hỏng rồi . dùng đồ như phá,NEGATIVE
per ru con để vợ đắp mặt nạ kìa ?? đúng là chồng người ta chưa bao giờ làm mình thất vọng ??,POSITIVE
xin chúa thương xót chúng con,NEUTRAL
không biết s chứ ngày lúc 17t tao đi phục vụ phòng karaoke ... mình tao 2 phòng chạy qua chạy lại mệt quá vì xỉn ... kkk . thế là tao nghỉ trong ngày đầu vào phục vụ karaoke .🤣🤣🤣,POSITIVE
có chuyện gì thê bố . bố đừng làm con sợ :((,NEGATIVE
thật hay đùa ác vậy . không thể tin được,POSITIVE
dm đạp xe đã mệt lòi cứt ra xong còn hỏi hỏi cái beep,NEGATIVE
ủa rồi mắc gì phí cả 1 đời 🙂,POSITIVE
y tế chăm sóc sức khỏe lương nhiều vậy sao,POSITIVE
"người ta ăn hàng tỉ lại phát 5 tr , còn gì là pháp luật nữa",NEGATIVE
con mèo khốn nạn dám bóp vếu vợ tao à 😡,NEGATIVE
per gặp tao chắc tao đái trong vần 😅😅,NEGATIVE
t chỉ sợ cảnh đấu kiếm :((,NEGATIVE
"thằng lái tàu quá đáng , bẻ lái qua tý có sao đâu :))",NEGATIVE
"thứ yêu nghiệt , nhỏ g vẫn sợ nó nhất sau mấy con lắm chân t . t",NEGATIVE
tao thề . nhìn bạn ấy xong tao muốn rụng mấy quả trứng luôn 😓,NEGATIVE
tao sợ thật sự :(((,NEGATIVE
"loại bi này ngon quá , vừa uống",POSITIVE
mỗi lần quyết tâm bỏ mà lại thấy cười . đm đời,NEGATIVE
eo hiểu người ta đỗ lòng đường vỉa hè thì rộng . chỉ lên nhắc người ta đỗ lùi xuống không ngã 3 thôi chứ đường của các bà đâu . có thế cũng đưa lên . ko ai bênh cái này đâu . ích kỉ nó vừa thôi,NEGATIVE
cô giáo là người nhà của mấy đứa đầu gấu à =))))),POSITIVE
cái quần tà lỏn xanhhhh,NEUTRAL
áo xinh thế .. cho tớ mượn đi tiệc nhé !,POSITIVE
"đang định đi nhổ răng khôn , nghe được tin này thấy ghê răng 😁",NEGATIVE
bà ta đâu cư xử như 1 người vợ đâu !,NEUTRAL
tao còn độc thân này :((,NEGATIVE
tao ghét và tao sợ nó,NEGATIVE
"đó là những cô gái cần được bảo tồn , vì biết lo nghĩ đến thứ anh ta đang nghĩ",NEUTRAL
sao đũy đó có thể mập được vậy nhỉ,POSITIVE
"per thấy chế thủ sẵn hộp mặt nạ rồi thì phải . tim em mong manh lắm , đừng để em hoạng sợ nhá chị ??",NEGATIVE
con nhà hư hỏng . bỏ cả nhà đi theo zai . bị nó rũ bỏ vì chửa mới mò về . giờ bắt ai gánh nuôi con . con với cái hư quá thể .,NEGATIVE
muốn share về mà sợ bị bạn nè phẫn nộ quá,NEGATIVE
nuốt được cục tiền đó cũng hay đó ( y ),POSITIVE
per cái mặt nhỏ đó gióng em :)) khi nghe tiếng súng,NEUTRAL
per mày cũng cắt tóc giống thế đi cho đẹp =)))),POSITIVE
mau khoẻ nhé :d,POSITIVE
em chân thành nên em tổn thương,NEGATIVE
ai bảo đi mách lẻo làm gì chúng nó chả đánh cho .,NEGATIVE
ghê vậy,NEGATIVE
chưa hoàn thiện hết đâu .,NEUTRAL
per huhu mất đi đồng nghiệp 😭,NEGATIVE
cô ấy bảo : đời như lol 🙂,NEGATIVE
chuyện buồn quá chúng mày à . tao không dám đọc sợ làm quyết tâm có người yêu của tao lung lay 🙄,NEGATIVE
per anh bạn tồi nhất quả đất này,NEGATIVE
chẳng ai biết và riêng mình càng không muốn biết !,NEUTRAL
ranh con mà láo toét . xem đến đoạn này mà phát bực,NEGATIVE
thật vậy luôn sao per ?,POSITIVE
per học hỏi nhé kkk,NEUTRAL
"truy tố ra tòa chứ phạt hành chính gì ??? lừa đảo có tổ chức số tiền trăm tỷ , thêm tội truyền bá mê tín dị đoan ... 👎👎👎",NEGATIVE
thấy gớm,NEGATIVE
"mong là bố mẹ mình không đọc được tin này , sợ vãi",NEGATIVE
mai chơi trò hứng nước mà nóng quá chắc chơi vầy luôn,NEUTRAL
per mệt quá mấy con ơi,NEGATIVE
tại sao cứ đa số là trèo cột điện với mái nhà nhỉ . ai giải thích mình với ??,NEUTRAL
không nên tin bất cứ 1 người nào cả,NEUTRAL
đkm mấy thằng mặt cặc ! gặp bà thì bà lại đá cho thọt con mẹ nó dái lên cổ xem chúng mày có cười mà khoe chiến tích được không . đm lũ chó chết không riềng 😡😡,NEGATIVE
"dm tao thấy người ta không sợ vì rắn mà sợ vì thằng chả la làm hết hồn , toàn núp lén rồi la lên thằng đéo nào mà không sợ chứ",NEGATIVE
"may công an đến bắt chứ không thì dân chỗ đó cho vào nồi cả rồi , đã có người cắt cử nhau đi mua giềng mẻ rồi đó chứ 😆",POSITIVE
móng này móc cua thì đỉnh 😹,POSITIVE
"trung thu là tết thiếu nhi , yêu đường gì liên quan ở đây .. gấu với chả bò",NEGATIVE
một chuyến du lịch vui vẻ,NEUTRAL
"tình đến , rồi tình cũng điii 🙂🙂🙂",NEGATIVE
"per trong vòng 4 tháng chắc anh chụp hơn trăm tấm , huhu , sợ quá 😱😱😱😢😢😢",NEGATIVE
bộ phim hấp dẫn quá,POSITIVE
đơn giản 🙂,POSITIVE
thứ học sinh mất dạy =)),NEGATIVE
đi ngoài đường trái phải còn không biết mà vẫn sống thì giỏi đấy nhỉ,NEGATIVE
địt mẹ không có cái loại nào nó ác man và tàn độc hơn là cái loại người . xem mà điên đéo chịu được,NEGATIVE
sợ xanh mắt mèo,NEGATIVE
kém sang,NEGATIVE
tao ngự ở trong uống nước cho nhàn thân rồi,POSITIVE
may mình đi làm rồi chứ 10 năm trước chắc sẽ phát khổ với bố mẹ vì mấy tin con nhà người ta như thế nào,POSITIVE
vũ khí sinh học này mạnh thật !,POSITIVE
per dume vỉa hè quá rộng . con này không đi oto bao giờ là chắc ?,NEGATIVE
từ lúc có vợ nhiều váy mặc để quay video hẳn :)))))),POSITIVE
tag cái đứa bạn nghĩ nó nên gia nhập hội này ;),NEUTRAL
tao còn không dám ăn nói chi ruồi .,NEGATIVE
"t dọn quán hát mà muốn diệt sạch mấy con ngu :))) đuỵt ăn sinh nhật mà cỡ nát hết cốc , bôi bánh hết lên ghế bàn thì ks , đây bôi cả lên loa , ti vi , trần nhà .... dume cái :))) đồ điện bôi lên để tao dọn tao bị giật chết à :))",NEGATIVE
giống tao thế nhỉ ! 😑😑,POSITIVE
"per bởi , đéo dám tán ai hay tỏ tình",NEGATIVE
trẻ con bao giờ ga lăng sớm thế nhỉ ?! hồi mình bằng bọn này đuổi đánh nhau hỡi chết :))))),POSITIVE
trời nắng nóng thế này mình muốn bán nước không biết thu nhập có cao không ạ :3,NEUTRAL
ko có biển cấm dừng đỗ nhưng đỗ thò đầu ở ngã 3 kia là rất bố láo .,NEGATIVE
chuẩn ..! dm mang tiếng được trung ương mà toàn lũ ghen ăn tức ở_xểnh tí là hại nhau ngay ..! làm vất vả tiền chả thấy đâu ..!=)))))),NEGATIVE
nó quan tâm mày là lúc nó cô đơn quá và mày vô tình đi ngang đời nó thôi,NEGATIVE
ủa rồi mắc gì phí cả 1 đời 🙂,POSITIVE
xàm bà cố luôn ??????,NEGATIVE
lạc quan lên cưng ❤,POSITIVE
hình như chính là cái nhà thờ đó đó,NEUTRAL
vì những thành phần như bạn mà page cứ phải khoá bình luận cho trong sạch đấy . thật là giông bão 😌,NEGATIVE
"nhìn này thần sắc thế kia thì đeo sao đâu , yên tâm đi không được hốc hôm nay thì hôm sau hốc lo cái đéo gì chứ",NEUTRAL
per con nghĩ cậu nên thử,NEUTRAL
thế con lồn chủ nhiệm kia đéo có trách nhiệm gì nữa à :/ giáo viên mà sao nghĩ ngắn thế ?,NEGATIVE
dù cậu làm tôi tổn thương mỗi ngày nhưng chả hiểu sao vẫn thương cậu,NEGATIVE
"tao biết trước là nó sẽ lao vào màn hình mà , vậy nên tâm vẫn tỉnh lúc nó lao vào .",POSITIVE
có ai thấy giống người đẹp 9p không ?,NEUTRAL
lợi ích của việc giữ vững quan điểm 😄,POSITIVE
trẻ con bao giờ ga lăng sớm thế nhỉ ?! hồi mình bằng bọn này đuổi đánh nhau hỡi chết :))))),POSITIVE
tao cũng ho trật mẹ khớp vai mà đéo phải 1 lần đầu nhé,NEGATIVE
chuyện buồn quá chúng mày à . tao không dám đọc sợ làm quyết tâm có người yêu của tao lung lay 🙄,NEGATIVE
phim nay và phim triệu phú ổ chuột là 2 phim của ấn mà mình thích nhất,POSITIVE
🤣🤣🤣🤣 bo tay chấm cơm . hahaha,POSITIVE
má hồi xưa về ngoại chơi đi đường bị nguyên đàn yêu nghiệt này dí chạy té đái giờ vẫn sợ bọn nó 😨😨😨,NEGATIVE
1 năm lật tàu trật đường ray của vận tải đường sắt việt nam !,NEUTRAL
per mấy trụ kia em không tag được,NEUTRAL
bọn hại người không gươm không dao . bọn tiêu diệt nguồn lực tương lai của dân tộc . nên đưa tội thực phẩm bẩn vào khung tử hình đi . mong nhà nước thay đổi một số luật định đi .,NEGATIVE
per nhớ quá trời nhớ luôn nè,NEUTRAL
câu hỏi thú vị 😃😃😃,POSITIVE
chưa đâu ... nó mang bánh gato vào xong bôi đầy tường mới là cả một rổ của sự hloz,NEGATIVE
tao sẽ lấy hết tất cả các nick clone tao có phẫn nộ cái vid này 🙂,NEGATIVE
"bọn nó nhỏ mà đã có người yêu , còn tao thì ế :((",NEGATIVE
thật đáng khâm phục các bạn ... chúc các bạn gặp nhiều may mắn trong cuộc sống ...,POSITIVE
thính thơm không,NEUTRAL
có khi nào kết hôn xong nó giết lấy tiền bảo hiểm không,NEGATIVE
như lol,NEGATIVE
per lần sau hãy hưởng ứng câu chuyện của tao như này này,NEUTRAL
cũng muốn vứt giày cũ nhưng lại không có tiền mua giày mới . đành chấp nhận đau chân vậy,NEGATIVE
cưng ghê ❤️,POSITIVE
nhớ đến lại buồn . chuyện tình chúng ta chẳng đi được đến đâu cả,NEGATIVE
bộ phim đáng xem đó mấy man,POSITIVE
chờ mãi đéo thấy làm gì chán,NEGATIVE
"chứ tao mà viết đến giờ chắc dày lắm , nhiều đứa bị lôi vào sổ ghi nợ lắm :d",NEUTRAL
tây cũng lầy phết,POSITIVE
chắc chưa biết đến trụ đèn đỏ nằm ngay chân cầu :),NEUTRAL
chắc từ giờ tao đéo giám ho nữa quá .,NEGATIVE
per hình như nhà bác có 01 chiếc thì phải ?,NEUTRAL
"bởi vì anh đã gặp em đúng lúc , đúng lúc đó em đã có người thương ...",NEGATIVE
hóng kỉ lục để lông mũi dài tới bụng :)),NEUTRAL
per khi nào bạn có bằng xe ôtô thì bạn mới hiểu . sai thì đã có ca,NEUTRAL
bọn óc vật 🙂 đụng vào con cháu nhà tao thử,NEGATIVE
đôi khi công việc không áp lực .... nhưng chính môi trường làm mọi thứ trở nên áp lực,NEUTRAL
từ lúc đấy tao không ăn được các loại thịt ngan - ngỗng - vịt lun 😞 ám ảnh vãi,NEGATIVE
đáng nhẽ nên làm việc này từ sớm . chứ hàn quốc họ làm từ lâu rồi ạ,NEUTRAL
lòng đường là để giao thông chứ để nhà các bác đỗ xe à ?,NEGATIVE
không thuộc kịch bản chuẩn mẹ rồi,NEUTRAL
"đấm liên tục vào mồm , không trượt phát nào ...",NEUTRAL
bày đặt viết trên cát khắc luôn vào đá cho tạt thoải mái,POSITIVE
"đúng vại , với ai nó cũng tỏ ra như thế . hihi 😂",POSITIVE
quả váy hồng truất vãi_chưởng,POSITIVE
mình đéo làm nhé bạn .,NEGATIVE
đụ mẹ ngu à :)) có thiếu chỗ đéo nào cho mày viết khôg,NEGATIVE
ngày xưa đi học đạp xe qua cứ tưởng được quay phim đưa lên truyền hình :)),POSITIVE
tư tưởng đột phá đấy chứ,POSITIVE
gu âm nhạc óc chó mới nghr cái bài này . toàn đú theo mấy cái thể loại hãm,NEGATIVE
tao ám ảnh việc lau sàn,NEGATIVE
"thôi , không tranh luận với các ông . thế đi đường gặp thằng nào đỗ thế này cả nửa ngày , mà tắc đường và gọi nó không được , các ông đừng há mồm ra dume nó nhé . vì nó đúng mà",NEGATIVE
"chó chứ không phải người , rất mong pháp luật anh minh",NEGATIVE
ai làm được cây cầu khó đi này tài quá,POSITIVE
"ngày xưa đi học gần trường có bày ngỗng , hôm nào nó cũng cà khía rượt tụi học sinh chạy sấp mặt luôn",NEGATIVE
mấy con lồn này lắm nữa 🙂,NEGATIVE
tinh trùng đâu lắm thế,POSITIVE
s mà nằm viện mà chị đẹp quá vậy,POSITIVE
"con gái không thích con trai đầu hói , vì cưới về dễ nhầm đầu :d",POSITIVE
vợ với con chả được tích sự gì ! toàn làm hết hồn ??,NEGATIVE
per có sub rồi nè . má coi đi coi lại vẫn mắc cười . với đưa anh stk đi,POSITIVE
có ai bịt loa như tao không 😁,NEUTRAL
t cũng buồn lắm chớ bộ 😓😓,NEGATIVE
ahihi khá là buồn cười,POSITIVE
t chưa được rơi vào hoàn cảnh này nên cũng không biết nữa,NEUTRAL
muốn nhai luôn cả trái đất,NEGATIVE
chỉ mong cảnh này sẽ không còn xãy ra ở xã hội này nữa . bất hạnh vậy đủ rồi 😞🙁,NEGATIVE
đề kháng của tao với mọi loại thính rồi cơ 😂,POSITIVE
hoàng thượng mặc áo đầu lâu mới sợ chứ,NEUTRAL
vẫn xinh phết nhỉ ??,POSITIVE
cho chết,NEGATIVE
vâng với 1 pha chống gậy tinh tế anh đã làm cho người xem 1 sự bất ngờ,POSITIVE
nếu địa phương không xây cầu thì người dân cũng có thể tự làm cầu cây mà . phóng lỡ hụt chân thì xác định nát người .,NEGATIVE
phát hiện mới !!!,POSITIVE
ăn ngon nhưng nóng không chịu được,NEGATIVE
thằng quay đáng bị đạp cho lăn con cụ ra mới biết sợ =)) cứ tưởng thế là vui 🙂 súc vật,NEGATIVE
khiếp quá có đẹp đẽ gì đâu chứ ?,NEGATIVE
chỉ để nhìn cái thôi :)),POSITIVE
cáu vãi :))),NEGATIVE
ngáo cỏ này đáng yêu nhỉ,POSITIVE
a cũng ở trong đây à,POSITIVE
hãy tôn trọng quyền được mưu cầu hạnh phúc của mỗi cá nhân con người trên thế giới này đi . đừng kì thị họ ! tội lỗi lắm 🙂,NEUTRAL
còn không ngồi xuống dọn phụ em nó mà ngồi bấm điện thoại,NEGATIVE
"mẹ chưa hnao đi làm về sợ vãi như hôm nay 😑 chớp cứ nhằng nhằng 2 bên đường với trước mặt , kinh vãi",NEGATIVE
cũng dể thương đấy chứ,POSITIVE
per nguy hiểm luôn rình rập xung quanh chúng ta :((,NEGATIVE
em đừng đi tập gym em nhé . bth em đã mê trai lắm rồi . em mà đi tập nữa chị không biết em như thế nào luôn 😢 per,NEGATIVE
nguy hiểm thật ... suýt nữa tao ảo tưởng con mẹ nó luôn rồi ..,NEGATIVE
"má ơi , coi đến fire tưởng quảng cáo rạp chiếu phim , đến cuối té ra là mái nhà =))",POSITIVE
tuổi trẻ tài cao vãi,POSITIVE
ăn nhiều mau khoẻ .. tôm cá ấy mày giàu canxi,NEUTRAL
chàng trai mạnh mẽ !,POSITIVE
"lâu lắm đéo được gặp nhện trong wc , quên mất cảm giác nhịn ỉa như nào rồi 😂",NEGATIVE
"má nó , mặc dù không có ý kì thị nhưng dume cảnh 2 thằng hôn nhau buông nôn vãi",NEGATIVE
giọng lại còn ấm nữa chứ ♥️,POSITIVE
bạn trai người khác không bao giờ làm tao thất vọng =))))),POSITIVE
khâm phục !!! quá khâm phục !!!,POSITIVE
per tôi đợi ngày nhận thiệp cưới của ông,POSITIVE
chắc từ giờ tao đéo giám ho nữa quá .,NEGATIVE
bọn sống thất đức không có tâm chưa nói tới tầm ! bảo sao tâm hồn trẻ trí tuệ kém phát triển ảnh hưởng tới thể chất cũng như tâm sinh lí trong tương lai,NEGATIVE
tưởng tượng mà dưới sông có cá sấu nữa chắc hết dám đi,NEGATIVE
quả cr7 mà kill đéo gì nhỉ,NEGATIVE
nhấp mẹ miếng da chính giữa 2 lỗ rồi lấy muỗng múc là xong,NEUTRAL
dể thương quá ah,POSITIVE
em ấy đang ở đâu ạ,NEUTRAL
ngạc nhiên đấy,POSITIVE
chất quá .. haha,POSITIVE
và sau đó mẹ mày đánh thức mày dậy 😌,NEUTRAL
đau lòng lắm khi tối nay chồng tương lai của tao lại cống hiến sức lực để chăm sóc vợ thằng khác ..,NEGATIVE
nhìn là biết đỏ chót rồi,NEUTRAL
"nghe được đó , ảnh hưởng tới môi trường là phải cấm",NEUTRAL
tao lại lấy mỡ đè chết mày bây giờ,NEGATIVE
chắc kiếp trước gieo nghiệp kiếp này phải gánh thôi,NEGATIVE
t cũn gặp 1 ca như vậy mà chúng nó còn chơi chét bánh kem cơ . bước vào nhìn cái phòng mà muốn quăng chổi vào mặt tụi nó,NEGATIVE
đó là những câu chuyện buồn mà :((,NEGATIVE
đang tìm ra 1 điểm sai nào đó nhưng có lẽ không có :),NEUTRAL
tuổi thơ với nó đấy,NEUTRAL
ăn cút mẹ mày ra chỗ khác ăn nhé .,NEGATIVE
sao mình không thấy mình vậy ta ??,NEUTRAL
những điều đơn giản nhưng thật hạnh phúc 😘,POSITIVE
per trông em bé yêu vãi :)),POSITIVE
chưa bao giờ bắn trúng 😬,NEGATIVE
t thề với mày là tối thấy cái này chắc đái con mẹ nó ra quần,NEGATIVE
may quá tao đang nhà đắp chăn xem cảnh này chứ đông vậy đi chắc chớt,NEUTRAL
"ôi mệt quá , một ngày buồn tẻ",NEGATIVE
"băng băng cái lol , chưa đóng vào mặt nhau là may rồi",NEGATIVE
từ đầu năm giờ chắc chụp 10 lần rồi huhu sợ quá 😭😭😭,NEGATIVE
thằng quay đáng bị đạp cho lăn con cụ ra mới biết sợ =)) cứ tưởng thế là vui 🙂 súc vật,NEGATIVE
hành động đẹp,POSITIVE
khi bạn bỗng nhiên nhận ra rằng có những bài hát phù hợp với từng khoảnh khắc riêng bên người đó :),POSITIVE
chỉ là không có ai để nhắn thì mới nhắn cho mình . công nhận nguy hiểm,NEGATIVE
:v buồn cười ghê .,POSITIVE
per đấy móng tay dài nhất thế giới đấy,POSITIVE
"tao cũng nghĩ là vậy , chứ ở đó mà mừng rồi nuôi đẻ . bố mày không thích ăn sừng , phắng 🤣",NEGATIVE
cần lắm những nhà tuyển dụng như vầy :)))),POSITIVE
per hồi nhỏ chuyên gia đi ngang nhà hàng xóm là bị nguyên bầy ngỗng nó dí nó rượt chạy khóc la um xùm .. giờ còn ám ảnh 😭,NEGATIVE
chỉ mong thương nhau đến đầu bạc răng long . vậy là đủ 👌,POSITIVE
mày uống trà sữa thôi . đéo ăn gì nữa =)),NEUTRAL
cảm giác thanh thản vãi,POSITIVE
"hôm trước tao đi chơi về đường vắng nên chạy nhanh , vừa qua cua anh cảnh sát chạy ra chặn làm tao sợ chetme vì giấy tờ không có bằng lái thì chưa thi lại còn thiếu abcxyz",NEGATIVE
trời có bạn nhận ra mình luôn à @@,POSITIVE
mày khá là may mắn khi không học tiếng huế đấy =)),POSITIVE
"đỗ ở đường cấm đỗ và đỗ gần ngã ba là sai hoàn toàn rồi vẫn có người vào bênh . em là chủ thớt thì em cứ để họ đỗ thoải mái rồi gọi phường tới làm việc thôi , cần gì phải nói nhiều",NEGATIVE
thiết kế đẹp quá,POSITIVE
cuộc tình ngang trái của nhà tớ đây ??,NEUTRAL
tiên sư bố nhà mày . tao chịu hết nổi rồi nhé 🤤,NEGATIVE
má nó thú dị thôi rồi 😂😂😂,POSITIVE
nhanh bất ngờ đấy,POSITIVE
chắc chưa :))) si nghĩ kĩ lại đi,NEUTRAL
thanh xuân rồi cũng sẽ qua có những người trong ta mãi chẳng thể xoá nhoà !,NEGATIVE
thế không đạt được gì à,POSITIVE
không khoe thì không sao . khoe ra mai lại còn cái gốc ... haha 😁,POSITIVE
đội cái mũ vào chết đéo ai . không có mũ xong đập đầu xuống đất chết không chết cho lại sống cuộc đời nửa ngáo,NEGATIVE
em per gì gì đang hot đi làm lại ngực mà đi đoạn đường này thì ngải cứu :)),NEUTRAL
điện cho đứa bạn . đem mũ ra . coi ai hơn ai . kakaa .,POSITIVE
cây tre có tận trăm đốt luôn hả ???,POSITIVE
một cách bán hàng nta gọi là đẳng cấp,POSITIVE
thích nấu lúc nào cũng được,NEUTRAL
"per sợ chưa , ông bác hơi bị cứng nhé :))))",POSITIVE
thương thương con =)) yêu ghê cơ ý cái mẹt hờn dỗi,POSITIVE
nói tóm lại mau axít đậm đặc bỏ vào thùng nhựa để kế bên cho nó thấy chắc là ổn nhớ đừng làm chuyện dại nhá,NEGATIVE
thằng khốn nạn,NEGATIVE
cưng hết phần thiên hạ,POSITIVE
mua thuốc ngoài thú y sức vào vài ngày nó không bám nữa,NEUTRAL
ui mấy ông tướng men nì từ bé luôn nhỉ . đáng yêuc chết được 🥰🥰🥰,POSITIVE
thằng nào kiểu như này tao cho cạch mặt !!! đéo thích nữa 😂😂,NEGATIVE
cưng xỉu ~~??,POSITIVE
đm ngồi chờ đã rồi các tổng đài viên đều bận 😭😭😭,NEGATIVE
ở free được lun hả 😮,POSITIVE
cho mình xin bài nhạc tên là gì với ạ,NEUTRAL
"má gần nhà có nuôi 1 cặp ngày nào đi ngang nó nhìn thấy nó quay đầu bỏ chạy , con gì mà dữ thấy mẹ hà",NEGATIVE
"cái này dùng con kiến to to mới có vị chua , còn cái loại kiến này làm màu không tác dụng gì",NEUTRAL
per sau hôm sinh nhật là có cái này . ngon vãi,POSITIVE
"ra chỗ sóng không táp vào mà ghi , xem mà ức chế vãi :))",NEGATIVE
ngôn ngữ gì ngộ nghĩnh vậy,POSITIVE
"lâu lắm đéo được gặp nhện trong wc , quên mất cảm giác nhịn ỉa như nào rồi 😂",NEGATIVE
xạo xạo ... thằng cải suốt ngày bị nó dụ,NEGATIVE
"đúng rồi đấy , như thế là đang mắc chứng ảo tưởng sức mạnh",NEGATIVE
còn tao vẫn nhớ ngày nhỏ cứ nghỉ học chủ nhật đi quét lá tre về nấu cơm,POSITIVE
"rẻ nhỉ , sao có thể giảm tới mức đó vậy ta",POSITIVE
đù mé nó ... bơi nhiều quá não rớt mẹ xuống hồ rồi hay gì mấy thằng chó,NEGATIVE
nó hiền thôi chứ nó hung lại đấm cho không trượt phát lào . 🤣,NEUTRAL
"per thấy chế thủ sẵn hộp mặt nạ rồi thì phải . tim em mong manh lắm , đừng để em hoạng sợ nhá chị ??",NEGATIVE
bể mẹ cái kính cường lực mới dán :#,NEGATIVE
ny tao đbh dỗi . chọc kiểu gì cũng không dỗi . đáng yêu vãi 😂,POSITIVE
sống 17 năm chưa crush ai bao giờ,NEGATIVE
:) cảm giác đó đau lắm các mày ạ,NEGATIVE
cái nệm này độ đàn hồi đỉnh ghê,POSITIVE
có tiền chưa chắc đã ngọt nhưng nếu không có tiền chắc chắn là đắng .,NEGATIVE
per thật sự là có cách nào dắt bé đi theo được không ? 😭,NEUTRAL
dễ thương quá !!!,POSITIVE
"haha con hãm bán nước hoa fake mà kêu real , bị tao vạch mặt rồi block tao",NEUTRAL
ừ thì là chuyện cổ tích . cháu đang đi đường thẳng gặp mấy chú thì phải rẽ ngang . 😢😢,NEGATIVE
cho bỏ cái ngu đậu xe ẩu tả .,NEGATIVE
tuyệt vời quá cần nhiều tấm lòng tốt hơn nua thật là ý nghĩa,POSITIVE
ờ thì 1 con ngựa ăn cả tàu bỏ cỏ vì con ngựa nó ăn hết cỏ rồi 😂😂😂,NEUTRAL
cô giáo là người nhà của mấy đứa đầu gấu à =))))),POSITIVE
đây là hình ảnh của boss trước khi có vợ và sau khi có vợ là một tr một vực,NEUTRAL
sợ vãi linh hồn 😞,NEGATIVE
con mèo cục xúc nhất năm :3,NEGATIVE
các bạn nữ đập đầu vào tường chết hết rồi,NEGATIVE
ngáo ... là có thật luôn này,POSITIVE
cho tao hỏi lúa nó dính mưa vầy ròi thì làm được gì không .,NEUTRAL
thề lun anh ấy rất kĩ thuật lun á,POSITIVE
nghe cũng đúng đúng :)),POSITIVE
"thiệt tình chỉ thấy gớm thôi , chớ chẳng hay ho gì .",NEGATIVE
lại cho lên chơi với các cụ 😌😌😌,NEUTRAL
tao đéo ghê con rắn tao ghê mấy cái trồi lên kìa :))),NEGATIVE
biết nấu cơm bếp củi từ lớp 2_3 gì đó,POSITIVE
cầu mưa ... mà sao không mưa nhỉ,NEUTRAL
thay đổi chóng mặt,NEUTRAL
"đúng rồi , vàng là phải vàng mới có giá trị , vàng trắng làm gì có giá trị 😥",NEGATIVE
yên tâm đi ông trời không bất công với ai đâu,NEUTRAL
tẩy được bao nhiêu mà hô hào gớm thế,NEUTRAL
béo tí đáng yêu mà =)),POSITIVE
"hahaa , đợi em ngủ chút tí ròii buôn :))",POSITIVE
thôi xong tao rồi :((,NEGATIVE
"gặp tao , tao ré cái hoảng mất :(( đáng sợ qué",NEGATIVE
mày giận lại tao hả tốt quá bố mày được đi chơi game rồi . tối về dỗ nó sau . chờ mãi câu giận của mày :)),POSITIVE
dme thần đèn ăn theo tổng đài vtc à,NEGATIVE
chân ngắn sao đi đây ta ?,NEUTRAL
"lúc đầu tưởng con ma , nó đi tẩy trang xong hiện nguyên hình đếu phải ma mà là con quỷ cái",NEGATIVE
"anh nhỏ nhẹ xin 100k rồi trước khi đi còn chào người đẹp , đi cẩn thận """,NEUTRAL
bếp dầu chứ có gì mà không biết,NEUTRAL
dume sự nghiệp vứt đi đâu,NEUTRAL
nhưng đảm bảo coi cái nào là cười sặc cái đó :)) vì nó diễn tệ đến nỗi nó hay,POSITIVE
cười lộn ruột,POSITIVE
"quàooo hay vậy sao , chà chà =))))",POSITIVE
:))) đồng nghiệp đáng yêu,POSITIVE
hãy cảm ơn vì chúa đã ban em cho chị 😂😂,POSITIVE
đừng có thấy 6 múi mà ham nha nha 😂😂,POSITIVE
vn nó là vậy,NEUTRAL
"ba cái đồ yêu , 1 ngày 2 lần nấu đây , ngon bá cháy bọ chét nhé , thơm mùi khói nữa …",POSITIVE
kiếp trước sống lỗi quá nên kiếp này nghiệp quật :((,NEGATIVE
cười ỉa :)),POSITIVE
per mày có bao giờ đi à :> tao cũng đéo,NEUTRAL
vậy nên cứ lờ đi mà sống tiếp,NEUTRAL
ở đâu cũng có người tốt nè anh kkkk,POSITIVE
đừng tưởng nó nói yêu mày là yêu mày thật :))),NEUTRAL
của thằng kia mà,NEUTRAL
đáng yêu =)),POSITIVE
duyên quá nói chuyện hay,POSITIVE
chỉ mong ở cái độ tuổi ấy chúng ta còn được như vậy,POSITIVE
vì ai cũng có mối quan tâm riêng,NEUTRAL
lúc buồn là đi phựt thì thôi rồi như kiểu cuộc đời đáng sống ý,NEUTRAL
đây là cảnh dọn dẹp trong bar hay trong hotel vậy ?,NEUTRAL
duới miền tây là kiến vàng sao ngoài ấy lại dùng kiến đen nhỉ ?,POSITIVE
tao thề . nhìn bạn ấy xong tao muốn rụng mấy quả trứng luôn 😓,NEGATIVE
đã thử và rất thích thú 😆.,POSITIVE
"ủa tại sao không nghỉ việc luôn đi , hay lương tâm không còn chữ đức nữa",NEGATIVE
- mấy bạn đừng có đổ mình nữa nha 😞😞. mình ngại lắm 😞🤣,POSITIVE
cùng câu hỏi .. vụ thang máy thì sao nhỉ,NEUTRAL
chúng mày ngồi canh đó cho tao . có con muỗi nào hó hé là ăn liền ??,NEUTRAL
"1 cái mồm phải nhét vào não 40 đứa gần như thiểu năng cũng đủ chết rồi . nếu tôi là cô ấy , tôi tát cho không trượt phát nào",NEGATIVE
ấm áp ghê =)),POSITIVE
chưa cho ba mẹ được gì . vậy có quyền gì mà đòi phàn nàn về những thứ ba mẹ đã rành rụng bao nhiêu năm để lại cho mình,NEGATIVE
cả 2 loại người này đều đáng sợ !,NEGATIVE
per thay vì đọc chuyện ma thì mày có thể coi hết video này :)),NEUTRAL
lông chân mọc nhanh thế :)),POSITIVE
nhìn cách dạy chó là biết cách dạy con,NEGATIVE
mà ô chủ xe cũng ngu vãi . mất công đậu thì đậu hẳn ra giữa đường day . để cho nó đỡ mất công về lại phải mất công đi đại tu,NEGATIVE
page bị hack rồi . video hay nhất mình từg xem,POSITIVE
tao học nhân sự đây còn đang lo thất nghiệp đây này,NEGATIVE
crush ở nhà chơi gane rồi haha,POSITIVE
tầm tuổi này . họ không còn những áp lực cuộc sống nữa . mà chỉ còn thứ tình cảm gắn bó với họ từ những ngày khó khăn nhất . ngưỡng mộ và ước được chút phúc đức của ông bà,POSITIVE
sáng nay tao mới thấy 2 con này đi cùng,NEUTRAL
dume mệt mỏi thật sự,NEGATIVE
chắc anh phải đáng yêu lắm luôn ý nhể 🤗🤗,POSITIVE
"đúng rồi , ngưng ảo tưởng",NEGATIVE
chụp không biết bao nhiêu lần rồi,NEUTRAL
"giận lại làm gì , cứ để cho anh yêu thời gian thoải mái . khi nào thấy ổn sẽ tự động xuất hiện còn không xuất hiện nữa thì tự hiểu = ))",NEUTRAL
tao bực mày lắm rồi đấy,NEGATIVE
"chỉ có bọn nông dân mới nghĩ ra mấy trò này , phải con cháu nhà tao thì tao đến từng nhà 1 bắt từng thằng ăn cứt",NEGATIVE
à thì ra là vậy,POSITIVE
hú hồn cái lồn còn nguyên :),NEGATIVE
"lái tàu quá kém không dừng khẩn cấp . để va chạm thế mà vẫn cố tình chạy , khổ thân chiếc xe ôtô",NEGATIVE
khi nào mình già rồi cũng như v nha per kkkkkkkkkk,POSITIVE
per nó chỉ muốn biết bạn có nhu cầu làm áo lớp hay không thôi,NEUTRAL
tí nữa vợ nó vắt chân lên cổ bò thì hú hồn,NEGATIVE
thấy hơi sợ sợ rồi đấy :(,NEGATIVE
ăn chọp chẹp cái dume chú à . ghét nhất kiểu ăn vô duyên mất lịch sự này . ăn cà chọp cà chẹp miệng đéo kín được ấy . nghe ứa tai vãi,NEGATIVE
động lực cho tôi tiếp tục .,NEUTRAL
per =)))) đáng sợ vãi,NEGATIVE
"làm video thì ăn bớt chắp chắp như heo lại , đang coi nghe ăn phát mất con mẹ nó hứng , vô duyên",NEGATIVE
"phim hay dã man diễn viên chính đẹp trai , xem đi xem lại không chán",POSITIVE
mập mà xinh nó sẽ khác mập và xấu - _ -,NEGATIVE
"làm pv quán karaoke đi rồi khổ hơn nữa , toilet danh cho nam chỉ đứng tè , vậy mà nỡ lòng nào mấy anh ngồi ỉa 😢 thiệt chứ gặp cái mún khóc lun …",NEGATIVE
tự nhiên mình xem và mỉm cười theo .,POSITIVE
chưa chi đã để thua từ hình ảnh này . thua,NEGATIVE
em ấy còn cười được chứng tỏ em rất mạnh mẽ,POSITIVE
đáng yêu mà sợ gì,POSITIVE
tao nhìn sợ vãi,NEGATIVE
"ở mình bà đéo ông đéo nào cũng muốn dậy đưa giỏi , đứa ngu hay nghịch tý là ông bà ý làm ầm lên .",NEGATIVE
ko sợ gì chỉ sợ con ml ý 😞,NEGATIVE
clm đêm rồi tha cho tao 🙂 tao đéo muốn chạy xuống dưới nhà hoặc là nhịn đến sáng mai đâu 🙂 con gì thì con kệ mẹ 🙂 đừng nhắc đến nhện 🙂,NEGATIVE
"anh giờ thích ai rồi , không còn giữ câu nói trước kia nữa đâu nhỉ . ừ gần 1 năm rồi cơ mà :((",NEGATIVE
per hồi lớp 1 tao quên nhãn vở mỹ thuật sợ đánh quá ngồi khóc tè le,NEUTRAL
hy vọng mọi điều tốt đẹp sẽ tới,POSITIVE
đôi mắt to quá,POSITIVE
công tình yêu làm ăn kiểu lồn gì vậy .,NEGATIVE
per anh tập gym cho to để như thế nào ư : ))),POSITIVE
thêm cả trò mắt mèo khốn nạn nữa,NEGATIVE
"chưa muốn lấy , cơ hội vẫn chia đều cho tất cả các anh : ))",POSITIVE
t mà bị như này thì chắc tao chết luôn c ạ 😂😂 per,NEGATIVE
nó lại làm tao nhớ tới cái mấy con chó ăn hạt dưa ở quán cf đụ đỉ mẹ ăn thì có cái bịch bên cạnh đó cắn bỏ vào bịch thì chết à d . mày cắn xong cứ phun phun xuống đất đã vậy mỗi lần phun là mỗi chỗ khác nhau làm dọn bắt lòi dái nhìn nó phun chỉ muốn đấm cho nó một cái,NEGATIVE
ơ tao cũng học ông này hướng dẫn hay sao ấy :))))),POSITIVE
"thằng nào nói câu : thế thì đừng làm nghề này . v nếu không có người làm nghề này thì ks sẽ mở cửa cho chúng mày vô àk , người có ăn học có ý thức sẽ không nói ra câu đó .",NEGATIVE
thực ra chủ nó cũng bẩn vãi :) vầy quá kinh dị rồi :),NEGATIVE
"per tải thử cái này cho cún đi chị , hay phết này",POSITIVE
em mình là con trai viết đẹp y chang thế này nhé,POSITIVE
tươi ngon sạch sẽ thì đéo thích ăn . cứ thích ăn cút trâu cứt bò,NEGATIVE
sau vụ này ý thức đậu đỗ xe của tài xế sẽ tốt hơn rất nhiều !,NEUTRAL
"ổng để móng có 1 bàn tay thôi còn bàn tay kia vẫn sạch sẽ bình thường mà các cụ cứ hỏi chùi đít , đanh răng , quay tay kiểu gì là sao :))",NEUTRAL
:)) thật là kì lạ,POSITIVE
quan trọng là có con đồng nghiệp đầy khẩu nghiệp yến đặng 🤣🤣🤣,POSITIVE
"bộ phim này xem rất sướng . và rút ra được khám phá là thứ tuyệt vời nhất chứ không phải bằng cấp . giá như mấy ông "" bộ "" và mấy ông "" ngành "" dành thời gian xem phim này một lần .",POSITIVE
per bố mày nhắn tin rồi cái con cặc gì mày cũng cho thằng em mày xem,NEGATIVE
"nhỏ thấy qua 1 lần , nó bị cột ngay trước cửa nhà người ta ở trong hẻm , mỗi lần đi ngang qua là nó lại định lao tới cà khịa",NEGATIVE
có người còn thả haha não gì ấy nhỉ . gạch đá xin nhận,NEUTRAL
nhưng vẫn tồn tại nhiều đứa con gái không như vậy mà ??,NEUTRAL
chẳng bao giờ thấy sai,NEUTRAL
per vẩy cật lực luôn =)),NEUTRAL
năm nay tao không còn cảm thấy cô đơn và mỏi chân nữa ... vì tao được ngồi mát và ăn ké socola of bọn có người yêu 😁😂...# mun 😘,POSITIVE
cưng thiệt chớ ????,POSITIVE
không biết người của họ hay sao mà bắt heo 2 ngày trúng 2 cái ipx,NEUTRAL
não bằng đá . không cần phải đội nón,NEUTRAL
chọn thằng nào có tương lai hơn . tức có bố mẹ giàu hơn,NEUTRAL
tag vô cho xem mấy đứa xấu tánh thôi chứ ghệ anh tánh cực kỳ dt,POSITIVE
chuẩn rồi bác . :)))),POSITIVE
con này chăm sóc n là n bao đẹp ><,POSITIVE
khu này đẹp vãi chưởng,POSITIVE
chửi thì chửi . mà cái giọng của anh dọn phòng nghe trổi tai thật .,NEGATIVE
uiiiii hay vì n đổ ra sàn mà n đổ đầy mồm thì pheee,POSITIVE
???? tpbank đang ở đâu thế kia ?? sao lương mình thế này ...,POSITIVE
em đã bao giờ nghĩ đến mối quan hệ đồng tính ?,NEUTRAL
chị khổ mấy cô giáo viên giám đứng ra tố cáo . sau này bị làm khó hoặc trả thù,NEGATIVE
"đêm hôm coi lại , cười mún rụg rún",POSITIVE
dm đang yên đang lành tự dưng bị nhét cẩu lương 😡😡,NEGATIVE
khi đã đổ vỡ hàn gắn lại chắc gì đã được như lúc đầu :'<,NEGATIVE
vô nhân đạo thật :(,NEGATIVE
"đúng rồi , tưởng vậy nhưng hóa ra không phải ...",NEUTRAL
đẹp trai quá ak,POSITIVE
dù s đi nữa thì mày vẫn xinh . cố lên,POSITIVE
moá nhìn rùng hết cả mình,NEGATIVE
cái video đầu làm hết hồn per per,NEGATIVE
mẹ đang buồn ỉa mà trên đường về gặp mớ gờ giảm tốc kia thì phọt bà ra quần 😨,NEGATIVE
per sao chủ đề gái mê tiền dạo này hot nhỉ :))),POSITIVE
"wow , đẹp dữ vậy à hehe",POSITIVE
"thôi xong nhá , mấy đứa mà xác định làm răng cả đời thì ... tập xác định",NEUTRAL
"khi xưa bị rượt 1 lần mà nhớ đời , còn mổ tao nữa chứ 😨😨😨",NEGATIVE
chuẩn con mẹ nó cơm oy 😂😂😂,POSITIVE
"chấp nhận đau khổ , để đổi lấy hạnh phúc , mà tìm mãi hạnh phúc không đến thế mới đau em .",NEGATIVE
bây chửi kệ bây ! riêng tao thik phá trong trường hợp này 😂,POSITIVE
hãy mang cô ấy sang việt nam ngay,NEUTRAL
chúng tôi gọi đây nà chất :v,POSITIVE
"làm con người còn sức khoẻ , còn lành lặn mà vác mặt vào ăn cơm từ thiện thì chết con mẹ nó đi cho đỡ chật đất , cơm này dành cho những người không còn khả năng lao động , hoặc vô gia cư và hoàn cảnh quá khó khăn thôi",NEGATIVE
thái bình nắng to rồi,NEUTRAL
nó cũng làm thế với bao người khác đấy,NEUTRAL
chỗ tao cũng có cây tình yêu < 3,POSITIVE
bố không thích nộp đấy mày thích ý kiến không,NEGATIVE
"per chưa bị rượt mà đọc bình luận thấy sợ quá , chắc tao sợ chó không là gì với con này :)",NEGATIVE
anh chân thành nên anh tổn thương :((,NEGATIVE
một lí do trog muôn vàn lí do,NEUTRAL
3 giờ sáng nằm xem xong khóc miên man 😢😢,NEGATIVE
trời má cute vãi lozzzz,POSITIVE
thứ mà dễ dàng qa cũng nguy hiểm,NEGATIVE
ngoài ra còn một số cái buồn nữa . không giải quyết kịp thời thì ??,NEGATIVE
"moá nó , cười đau hết cả ruột",POSITIVE
"dm lùi xuống rồi viết , suy ra là bạn để mất người ta là do bạn ngu chứ đéo phải đổ thừa cho cái gì",NEGATIVE
ơ hoá ra là em à :(( lâu quá không gặp,POSITIVE
ngày xưa mìh cũng thế . dume thấy mấy ông đứng đầu đường nhòm nhòm cũng phải lượn qua cái :)),POSITIVE
ông tóc ngắn ngắn cam cam tên gì vậy ạ ?,NEUTRAL
"sau 15 năm cắp sách đi học và 2 , 5 năm không động đến sách thì bây giờ đang tự hỏi đây là gì sao mà giải được . huhu",NEGATIVE
buồn là cái gì mày,NEUTRAL
ad hỏi thế này thì có khác gì giữa thịt lợn và thịt chó ăn món nào ? ad hỏi thế này là hơi coi thường chị em đó 🤨,NEGATIVE
đó là của bạn thôi bạn hài lòng với nó thì đâu có gì để nghĩ ngợi đâu,NEUTRAL
trách ai bây giờ đây huhu,NEGATIVE
chỉ có trong truyền thuyết . mà khái niệm truyền thuyết trong ngữ văn lớp 6 là không có thật,NEUTRAL
cái khó ló cái khôn :))),POSITIVE
kiểu gì mai cũng lại có vụ rất gì và này nọ cho xem,NEUTRAL
có khi nào là chủ tịch giả vờ không ?,NEUTRAL
"nó gieo cho tao mầm hi vọng , hi vọng vừa chớm nở nó đạp xẹp lép sự hi vọng bằg sự lặng im",NEGATIVE
"đúng . làm gì không quan trọng , quan trọng là bạn làm điều đó với ai",NEUTRAL
đi đâu cũng gặp mấy cái thứ,NEGATIVE
"tao cưới rồi , cưới nữa cho vợ tao chém tao chết à",NEGATIVE
em này sao giống chị tao quá vậy,POSITIVE
t đi lộn lớp rồi,NEUTRAL
"ước gì con về với mẹ .... đợi mấy tháng rồi vẫn chưa thấy bóng dáng con , mong con vẫn sống ...",NEGATIVE
ám ảnh thật sự,NEGATIVE
hiện tại cảm thấy hạnh phúc khi môi trường làm việc toàn người lầy ....,POSITIVE
lãng mạn vãi_chưởng =)))))) 0,POSITIVE
nhảy không lo nhảy còn quay quay,NEGATIVE
"rồi , chợt mình tỉnh giấc :) mơ đủ rồi đó",NEUTRAL
phải tao tao vứt luôn xe ??,NEGATIVE
"ngày xưa nuôi mấy con mèo . đêm hôm nó cứ lựa lúc cửa mở là chạy đi chơi mất . những lần nó không về buồn thối ruột , tối cứ mở cửa để đợi tiếng meo meo 😥",NEGATIVE
tao toàn bạn gái mà sao vẫn tưng tửng nhể ???,NEGATIVE
tao mợt bây quá 😂😂😂,NEGATIVE
nó chụp màn hình là còn tốt chán . có đứa nó còn đéo thèm đọc tn ấy .,NEUTRAL
thế em ăn anh được không ?,NEUTRAL
khi tao cảm nắng một ai đó xin thượng đế cũng tát tao một cái như cách sóng xô vào cát cho tao tỉnh con mẹ nó ngộ 😂,NEUTRAL
người yêu tao bỏ tao rồi :(,NEGATIVE
chất đó có làm mềm não không ?,NEUTRAL
tuổi thơ bất hạnh .. học mẫu giáo mà cạnh trường học là 1 bầy ngỗng . sáng nào tao cũng được chạy bộ tập thể dục nhờ bọn nó,NEGATIVE
per =)))))) hít đi cho no chứ mắc công lại chửi tao không biết điều giở trò trước mặt cẩu fa như mày :),POSITIVE
per 🤣🤣 còn có quán như này luôn ah,POSITIVE
"mình đang thất tình đéo hiểu sao đi cafe còn toàn tận cùng nỗi nhớ , chạm đáy nỗi đau , đừng như thói quen ... dume :)",NEGATIVE
buồn nào rồi cũng sẽ qua chỉ có buồn ngủ không tha ngày nào thôi,NEUTRAL
"quá bản lĩnh luôn , người đáng nể , tiếc là anh ấy sắp bị tử hình rồi",NEGATIVE
